Name,Term,ES,NES,NOM p-val,FDR q-val,FWER p-val,Tag %,Gene %,Lead_genes
prerank,Peroxisome,-0.5439615628461005,-2.2301648048430973,2.000000e-03,2.000000e-03,2.000000e-03,24/82,10.95%,ACSL3;MVK;PEX26;PEX6;ACOX1;SOD1;PEX1;PHYH;HSD17B4;PEX19;ABCD1;PEX13;ACAA1;PRDX1;SCP2;IDH1;PEX2;CROT;PEX12;PEX3;ACSL6;FAR1;ABCD3;PEX11B
prerank,Long-term potentiation,-0.5304394109429094,-2.0278535073598234,2.000000e-03,1.289469e-02,1.800000e-02,8/67,3.09%,KRAS;ATF4;CREBBP;RAP1B;PPP1CC;CALM2;PRKCA;RPS6KA3
prerank,Aminoacyl-tRNA biosynthesis,0.558543508097227,1.9859614497148408,2.000000e-03,1.043881e-02,1.400000e-02,12/44,2.45%,YARS2;RARS2;HARS2;MARS2;FARS2;CARS2;GATB;FARSA;EARS2;GATC;LARS2;AARS2
prerank,Various types of N-glycan biosynthesis,0.5448229267519998,1.8893756979613294,2.000000e-03,2.311450e-02,5.800000e-02,13/39,9.75%,ALG1;HEXD;ALG13;ALG11;MGAT4B;ALG2;DDOST;STT3A;HEXA;RPN1;RPN2;B4GALNT3;ALG14
prerank,Coronavirus disease,-0.40187700878821875,-1.8868170425321669,2.000000e-03,5.243841e-02,1.100000e-01,42/220,7.19%,RPL6;RPL23A;RPL18A;RPL23;RPS10;RPS11;RPL10A;RPSA;RPL27A;RPL35A;RPL18;RPS9;RPL7A;RPL14;RPL10;RPL37A;RPL35;RPS27A;RPL9;RPS29;RPL12;RPL36AL;RPL28;RPL26L1;PRKCA;RPS8;RPS7;RPL5;FAU;RPL3;RPL11;RPS4Y2;RPL4;IFNA8;RPS16;IL6ST;RPS25;STAT1;RPS14;PIK3R3;NFKBIB;RPS21
prerank,Fanconi anemia pathway,-0.5259886082933015,-1.8742042301047925,2.000000e-03,4.319722e-02,1.220000e-01,20/50,13.07%,PALB2;BRCA1;MUS81;RMI1;BRCA2;RMI2;REV1;CENPX;REV3L;FAN1;FANCM;BLM;POLH;WDR48;USP1;FAAP24;PMS2;BRIP1;FANCC;POLN
prerank,Mitophagy,-0.49174710554861106,-1.8651871564444487,2.000000e-03,3.765250e-02,1.320000e-01,9/65,4.51%,KRAS;ATF4;FOXO3;RPS27A;AMBRA1;CSNK2A1;ATG9A;RHOT1;CSNK2B
prerank,DNA replication,0.5555427850170864,1.8600529550003968,7.936508e-03,2.087761e-02,7.800000e-02,11/34,3.44%,RFC2;POLD1;PCNA;RPA2;MCM5;POLE;MCM3;RFC5;POLD2;POLA1;MCM4
prerank,Ribosome,-0.4312218722389464,-1.8488978001809149,2.000000e-03,3.567531e-02,1.500000e-01,33/127,4.28%,RPL6;RPL23A;RPL18A;RPL23;RPS10;RPS11;RPL10A;RPSA;RPL27A;RPL35A;RPL18;RPS9;RPL7A;RPL14;RPL10;RPL37A;RPL35;RPS27A;RPL9;RPS29;RPL12;RPL36AL;RPL28;RPL26L1;RPS8;RPS7;RPL5;FAU;RPL3;RPL11;RPS4Y2;RPL4;RPS16
prerank,Nucleotide excision repair,0.5188366155050352,1.842213638133779,2.000000e-03,2.125043e-02,1.020000e-01,14/43,6.77%,RFC2;POLD1;PCNA;ERCC3;RPA2;RBX1;POLE;GTF2H1;RFC5;POLD2;MNAT1;CDK7;CUL4A;LIG1
prerank,Cell cycle,0.4268392512299197,1.8156226848517594,2.000000e-03,2.475488e-02,1.460000e-01,34/123,10.80%,BUB3;MYC;SKP2;ANAPC2;CDK6;CDC16;PCNA;CCND2;ANAPC5;STAG2;MCM5;RBX1;YWHAZ;CDKN2A;MCM3;E2F3;ORC1;ORC2;CDC20;MCM4;HDAC1;RAD21;CHEK1;CDK7;HDAC2;TFDP1;ANAPC10;CDKN2B;ORC4;ORC6;ORC3;MCM6;CDKN1C;CCNE1
prerank,Aldosterone-regulated sodium reabsorption,-0.5370925773858669,-1.802901950841126,4.464286e-03,4.457879e-02,2.100000e-01,3/36,2.17%,KRAS;FXYD4;PRKCA
prerank,One carbon pool by folate,0.6347050799099694,1.7999571684535278,2.000000e-03,2.361158e-02,1.660000e-01,10/19,18.20%,TYMS;MTHFD1;DHFR;ATIC;MTHFR;FTCD;AMT;DHFR2;GART;MTFMT
prerank,Mismatch repair,0.5952629964916087,1.7945999189199122,2.000000e-03,2.215583e-02,1.820000e-01,7/23,6.77%,RFC2;POLD1;PCNA;RPA2;RFC5;POLD2;LIG1
prerank,Sulfur relay system,-0.7552279104859532,-1.7543193344483134,1.200000e-02,6.673003e-02,3.120000e-01,5/8,9.09%,CTU2;MOCS3;CTU1;URM1;NFS1
prerank,Apelin signaling pathway,-0.39519181876555304,-1.7325315856160237,2.000000e-03,7.421611e-02,3.660000e-01,22/134,10.02%,KRAS;CCND1;NRF1;PRKAG2;MEF2D;PIK3R4;CALM2;GNAI1;PRKAG1;RPS6KB1;GNG3;PIK3C3;GNB4;GNG13;NOS3;MYLK2;PLAT;HDAC4;PRKACA;SLC8A3;MYL2;RYR1
prerank,N-Glycan biosynthesis,0.48399868134930996,1.7250247346133447,3.787879e-03,3.821348e-02,3.140000e-01,12/50,9.75%,DPAGT1;ALG1;ALG13;ALG11;MGAT4B;ALG2;DDOST;STT3A;DPM2;RPN1;RPN2;ALG14
prerank,Long-term depression,-0.453758094405996,-1.6920280214137249,2.000000e-03,9.619440e-02,4.740000e-01,4/59,2.17%,KRAS;PPP2R1A;GNAI1;PRKCA
prerank,Vibrio cholerae infection,-0.4607345857569531,-1.6812009294959547,2.000000e-03,9.659296e-02,5.080000e-01,18/50,12.35%,ATP6V1A;ATP6V1E1;ATP6AP1;KDELR2;ATP6V1G1;PRKCA;ATP6V1B2;SEC61G;ACTG1;ATP6V0B;TCIRG1;ATP6V1C1;SEC61A1;ATP6V1B1;PRKACA;PLCG2;ATP6V1D;CFTR
prerank,Thyroid cancer,-0.4891163375703499,-1.6714294731879895,8.771930e-03,9.649527e-02,5.440000e-01,2/37,0.08%,KRAS;CCND1
prerank,RNA degradation,0.4265691213216754,1.6682058300246563,2.000000e-03,6.031310e-02,4.600000e-01,16/71,6.74%,LSM2;EXOSC3;XRN1;LSM3;DCP2;EXOSC6;HSPA9;NUDT16;DDX6;PFKP;EXOSC9;BTG1;EXOSC7;CNOT8;PNPT1;PAN3
prerank,Bladder cancer,-0.47156406246272337,-1.6667401168280032,1.244813e-02,9.165150e-02,5.580000e-01,3/41,0.08%,KRAS;CDK4;CCND1
prerank,Progesterone-mediated oocyte maturation,-0.40423877516199275,-1.6544167560411966,8.510638e-03,9.468387e-02,5.900000e-01,16/89,9.71%,KRAS;PKMYT1;AURKA;ANAPC13;KIF22;CCNB1;GNAI1;RPS6KA3;CDC23;PIK3R3;MAD2L1;PLK1;MAD2L2;PRKACA;BUB1;CDC25C
prerank,VEGF signaling pathway,-0.42828719512110486,-1.6475829115169878,2.118644e-02,9.266985e-02,6.040000e-01,13/58,14.76%,KRAS;CDC42;PRKCA;RAC3;PIK3R3;NOS3;PLA2G4D;PLCG2;RAC2;PRKCB;MAP2K2;MAPK12;PPP3CB
prerank,Endometrial cancer,-0.4245659173349472,-1.6384648420706314,1.724138e-02,9.364769e-02,6.300000e-01,5/58,0.61%,KRAS;CCND1;PTEN;FOXO3;CTNNA2
prerank,Pancreatic cancer,-0.40914128369602626,-1.617822595703432,1.287554e-02,1.057365e-01,7.040000e-01,9/76,6.57%,KRAS;CDK4;CCND1;CDC42;BRCA2;RPS6KB1;RAC3;STAT1;PIK3R3
prerank,Prolactin signaling pathway,-0.409125423756827,-1.6022456299867238,1.287554e-02,1.126136e-01,7.400000e-01,10/70,6.82%,KRAS;CCND1;FOXO3;SOCS3;PRLR;GSK3B;SOCS4;STAT1;PIK3R3;SOCS5
prerank,Ribosome biogenesis in eukaryotes,0.41537143438170177,1.5931787977434437,2.000000e-03,1.088618e-01,7.060000e-01,20/72,8.05%,XRN1;MDN1;NVL;WDR36;RPP40;IMP3;GNL3;NOB1;REXO2;FCF1;FBL;POP1;WDR75;GAR1;POP5;NOP58;WDR43;RRP7A;EIF6;UTP4
prerank,Spliceosome,0.37783111587317564,1.5919190399297019,2.000000e-03,9.991428e-02,7.100000e-01,44/128,12.02%,TXNL4A;LSM2;SNRPD3;PUF60;SF3B4;SNRPF;SF3B5;PRPF31;LSM3;U2AF2;SNRPD1;PRPF38A;PLRG1;DHX15;XAB2;RBMXL1;MAGOH;THOC3;EIF4A3;SNRPA1;SRSF3;HNRNPA1L2;CTNNBL1;SF3A3;SF3B6;HNRNPK;RBMXL3;DDX46;ACIN1;PRPF8;NCBP2;SF3A1;PPIH;SRSF4;BCAS2;THOC2;SRSF9;HNRNPM;RBMX;PRPF38B;AQR;PHF5A;SNRPE;HSPA6
prerank,Serotonergic synapse,-0.3746331849709756,-1.5903343923243871,8.733624e-03,1.178168e-01,7.740000e-01,26/111,18.21%,KRAS;GNAI1;PRKCA;HTR1F;DDC;TPH2;GNG3;GNB4;HTR2B;GNG13;KCNN2;PLA2G4D;PRKACA;HTR1B;TPH1;CYP2D6;PRKCB;PRKACB;CASP3;GNG2;SLC6A4;ADCY5;ALOX5;ITPR2;ALOX15B;PRKACG
prerank,Melanoma,-0.3971916257304047,-1.583538198371393,4.385965e-03,1.177285e-01,7.920000e-01,4/71,0.18%,KRAS;CDK4;CCND1;PTEN
prerank,Glycosaminoglycan biosynthesis,0.4239158172013837,1.573621828807324,2.008032e-02,1.097317e-01,7.520000e-01,21/53,22.71%,EXTL3;NDST1;CHST3;CHST12;HS2ST1;CHST15;B3GALT6;CHST13;EXT2;EXT1;B4GALT7;CHPF;CSGALNACT1;HS3ST1;HS6ST1;HS6ST2;B3GNT2;HS3ST3B1;GLCE;CHST6;CHSY3
prerank,Oxytocin signaling pathway,-0.35099978969503765,-1.5587298407424512,4.255319e-03,1.342276e-01,8.280000e-01,41/150,20.18%,KRAS;CCND1;PPP1R12A;PRKAG2;PPP1CC;CALM2;GNAI1;PRKCA;PRKAG1;CACNB3;ACTG1;CACNG2;EEF2;NOS3;PLA2G4D;MYLK2;PRKACA;CAMK1G;RYR1;CDKN1A;RGS2;CAMK2D;PRKCB;CACNG3;MAP2K2;PRKACB;MYLK3;PPP3CB;ADCY5;KCNJ4;ITPR2;RCAN1;CALML6;CACNB2;PRKACG;MEF2C;RYR2;CACNB1;GUCY1A1;NPR2;PIK3R5
prerank,AGE-RAGE signaling pathway in diabetic complications,-0.38031640338046585,-1.5581355887091535,4.484305e-03,1.285952e-01,8.280000e-01,9/99,7.09%,KRAS;CDK4;CCND1;CDC42;PRKCA;DIAPH1;STAT1;PIK3R3;NOS3
prerank,Terpenoid backbone biosynthesis,0.5169141550147938,1.5220296829431679,4.850746e-02,1.577292e-01,8.820000e-01,7/22,4.76%,FDPS;HMGCR;NUS1;FNTA;PDSS1;PMVK;MVD
prerank,Oxidative phosphorylation,0.3525356617198607,1.5084975328010723,7.407407e-03,1.651036e-01,9.020000e-01,33/117,10.94%,ATP6V1F;NDUFA6;UQCR10;ATP5MF;PPA2;COX7C;ATP5F1A;ATP5ME;ATP5PB;NDUFB4;COX6B2;NDUFB11;COX7B;SDHD;NDUFA4;ATP6V0C;ATP4A;ATP5F1E;COX10;ATP6V0E1;ATP6V0D1;CYC1;UQCRFS1;NDUFB10;COX6A2;UQCRC1;NDUFB8;COX5B;COX6C;NDUFB7;ATP5MG;NDUFA12;NDUFA8
prerank,Homologous recombination,-0.4288770530341884,-1.5026942248468524,2.057613e-02,1.868048e-01,9.260000e-01,20/41,17.60%,PALB2;BRCA1;MUS81;BRCA2;XRCC2;POLD3;RAD54B;RAD54L;RAD51D;BLM;POLD4;RBBP8;MRE11;BABAM2;BRIP1;RAD51B;BRCC3;ABRAXAS1;EME1;RPA1
prerank,Oocyte meiosis,-0.34819353908037143,-1.4958060267828435,1.310044e-02,1.883699e-01,9.340000e-01,35/118,18.21%,FBXO5;PKMYT1;PPP2R1A;AURKA;ANAPC13;PPP1CC;CCNB1;CALM2;RPS6KA3;PPP2R5E;CDC23;SMC1A;FBXW11;PPP2R5C;MAD2L1;PLK1;MAD2L2;PRKACA;BUB1;CDC25C;BTRC;CAMK2D;PPP2R5D;MAPK12;PRKACB;PPP3CB;ADCY5;ANAPC1;FBXO43;CPEB1;ITPR2;CALML6;PLCZ1;CDK2;PRKACG
prerank,mTOR signaling pathway,-0.33530078558660015,-1.4938323017482227,4.366812e-03,1.832078e-01,9.380000e-01,33/153,12.40%,KRAS;ATP6V1A;PTEN;LAMTOR2;ATP6V1E1;ATP6V1G1;PRKCA;ATP6V1B2;TSC1;FNIP2;DDIT4;RPS6KB1;RPS6KA3;LAMTOR3;TSC2;SLC7A5;GSK3B;NPRL2;STK11;LAMTOR1;GRB10;PIK3R3;ATP6V1C1;ATP6V1B1;EIF4E1B;DEPDC5;RRAGC;WNT8A;LPIN1;FZD3;ATP6V1D;RRAGB;PRKCB
prerank,Spinocerebellar ataxia,0.3467032627440952,1.4872583478334493,1.498127e-02,1.818341e-01,9.260000e-01,38/139,15.29%,PSMB5;TWNK;ATP2A2;AFG3L2;PSMD11;PSMB4;PSMA3;PSMA4;PSMD14;PSMD1;PUM2;FGF14;MAPK9;PSMA5;PPIF;PUM1;PIK3R2;PSMC1;PSMA2;ATG2B;KCND3;PSMA1;WIPI2;PSMB2;AKT1;PSMD13;SP1;KCNC3;ULK1;ATXN10;PSMD6;TRPC3;PSMB1;TBP;AKT3;PIK3CA;RBPJL;GRIA3
prerank,Basal transcription factors,0.43138640444858034,1.4791735223664855,5.223881e-02,1.814675e-01,9.380000e-01,18/41,17.49%,ERCC3;GTF2H1;TAF6;MNAT1;TAF10;GTF2A1;CDK7;TAF4B;TAF5L;TAF4;GTF2A2;TBP;TAF11;TAF7;CCNH;GTF2IRD1;TAF9B;GTF2F2
prerank,Non-small cell lung cancer,-0.3811154317356863,-1.4723250301533113,3.539823e-02,2.041329e-01,9.600000e-01,5/71,2.17%,KRAS;CDK4;CCND1;FOXO3;PRKCA
prerank,Cellular senescence,-0.328509900382241,-1.4558029081669608,1.276596e-02,2.230304e-01,9.780000e-01,12/154,2.57%,KRAS;CDK4;ZFP36L1;CCND1;TRPM7;PTEN;FOXO3;PPP1CC;CCNB1;CALM2;TSC1;VDAC2
prerank,Fatty acid degradation,-0.4003390723407497,-1.4421298266124722,3.984064e-02,2.368018e-01,9.820000e-01,8/42,15.76%,ACSL3;ACOX1;ACAA1;ACSL6;ACAA2;CPT1B;ALDH1B1;ACADVL
prerank,Prostate cancer,-0.34863808813256086,-1.4409457702256685,1.818182e-02,2.298812e-01,9.820000e-01,13/96,8.08%,KRAS;CCND1;PTEN;ATF4;CREBBP;ZEB1;GSK3B;PDGFRA;CREB3;PIK3R3;GSTP1;MDM2;PLAT
prerank,Pyrimidine metabolism,0.40405798042217894,1.4362402484492662,4.814815e-02,2.406189e-01,9.800000e-01,11/54,16.08%,DUT;TYMS;RRM2;CMPK1;TK1;NME4;NME3;DTYMK;UMPS;DPYD;UPP2
prerank,Glioma,-0.3675139378128398,-1.4357944947959351,5.531915e-02,2.297834e-01,9.860000e-01,6/75,2.17%,KRAS;CDK4;CCND1;PTEN;CALM2;PRKCA
prerank,Alcoholism,-0.31786210244841845,-1.4348042860942232,2.000000e-03,2.237853e-01,9.860000e-01,38/166,16.22%,KRAS;ATF4;PPP1CC;CALM2;GNAI1;H2BC13;DDC;H2AC12;H2BC5;H2BC18;H2BC14;GRIN3A;HDAC3;GNG3;GNB4;CREB3;GNG13;H3C1;HDAC4;H2AC21;PRKACA;H2BC21;H2BC11;H4C1;HDAC7;H3C12;H4C4;H4C3;H2BC9;ATF2;ADORA2B;PRKACB;GNG2;H2BC4;ADCY5;H2AZ1;H2BC3;H3-3B
prerank,Phenylalanine metabolism,-0.5100770656712876,-1.4200806722230146,9.885932e-02,2.387936e-01,9.880000e-01,4/16,8.79%,GOT2;DDC;IL4I1;GLYAT
prerank,Insulin signaling pathway,-0.3214635917404968,-1.4159761678113905,1.639344e-02,2.381220e-01,9.880000e-01,20/136,8.86%,KRAS;PRKAG2;PPP1CC;CALM2;HK2;PRKAG1;TSC1;RPS6KB1;SOCS3;SREBF1;TSC2;GSK3B;PTPN1;PYGL;MKNK1;SOCS4;PIK3R3;HK1;EIF4E1B;PRKACA
prerank,MicroRNAs in cancer,0.3200059585699163,1.411694977537071,6.944444e-03,2.740601e-01,9.880000e-01,27/160,6.66%,MYC;GRB2;IRS2;KIF23;EGFR;MCL1;TP63;CDK6;CCND2;SOS1;DICER1;BCL2;CDKN2A;RHOA;E2F3;SOX4;PDGFRB;HDAC1;HNRNPK;HDAC5;PIM1;NOTCH1;PIK3R2;HDAC2;RPTOR;CYP1B1;ERBB3
prerank,Biosynthesis of unsaturated fatty acids,-0.43775073341305737,-1.406478546991828,7.264957e-02,2.477298e-01,9.920000e-01,5/27,2.82%,ACOX1;HSD17B4;ELOVL4;ACAA1;SCP2
prerank,Tight junction,-0.3054241182186194,-1.398090635254595,1.327434e-02,2.549465e-01,9.920000e-01,44/164,19.59%,CDK4;CCND1;CDC42;PPP2R1A;TUBA1B;HSPA4;PRKAG2;PRKAG1;CLDN5;ACTG1;TUBA1A;ARHGEF2;CD1A;MICALL2;PARD6B;STK11;PALS1;OCLN;PARD3;CTTN;PRKACA;WHAMM;MARVELD2;MYL2;RAPGEF2;CLDN19;JAM2;MYH14;CFTR;MAP3K1;MYL12A;PRKACB;LLGL1;EPB41L4B;CLDN10;MYL12B;ARPC5;CD1D;PRKACG;MSN;PPP2CB;RAPGEF6;TUBA8;ARPC3
prerank,GnRH signaling pathway,-0.348110753094783,-1.3968932506196972,2.953586e-02,2.492257e-01,9.920000e-01,6/92,2.94%,KRAS;CDC42;ATF4;CALM2;PRKCA;MAP2K4
prerank,Collecting duct acid secretion,-0.43277106080649214,-1.3925039951002276,8.225108e-02,2.498782e-01,9.920000e-01,7/27,8.05%,ATP6V1A;ATP6V1E1;ATP6V1G1;ATP6V1B2;TCIRG1;ATP6V1C1;ATP6V1B1
prerank,Autophagy,-0.3210300360765677,-1.3922752626014185,1.298701e-02,2.437775e-01,9.920000e-01,39/133,19.80%,KRAS;PTEN;CFLAR;AMBRA1;PIK3R4;TSC1;DDIT4;RPS6KB1;TSC2;ATG2A;ATG9A;CTSL;STK11;PIK3C3;EIF2AK4;PIK3R3;TANK;PRKACA;ATG13;BCL2L1;ATG4C;RRAGC;EIF2S1;RRAGB;ATG3;MAP2K2;PRKACB;ULK2;VAMP8;BNIP3;UVRAG;TBK1;SQSTM1;PRKACG;MAP3K7;PPP2CB;IRS4;ATG4A;TRAF6
prerank,Melanogenesis,-0.3358837281685673,-1.3875649771549166,3.720930e-02,2.455281e-01,9.920000e-01,21/101,18.84%,KRAS;CREBBP;CALM2;GNAI1;PRKCA;GSK3B;CREB3;PRKACA;WNT8A;FZD3;CAMK2D;PRKCB;TYRP1;MAP2K2;PRKACB;ADCY5;WNT2B;CALML6;ASIP;PRKACG;CTNNB1
prerank,Longevity regulating pathway,-0.3344442418992773,-1.3823152974395365,3.862661e-02,2.491254e-01,9.920000e-01,16/100,10.12%,KRAS;ATF4;FOXO3;SOD1;PRKAG2;PRKAG1;TSC1;RPS6KB1;TSC2;STK11;CREB3;PIK3R3;EIF4E1B;PRKACA;ATG13;FOXA2
prerank,GnRH secretion,-0.3636367472118608,-1.38214892191276,5.286344e-02,2.433637e-01,9.920000e-01,4/64,6.74%,KRAS;PRKCA;PIK3R3;KCNN2
prerank,TGF-beta signaling pathway,0.3467369737708962,1.381062277918957,3.584229e-02,3.242309e-01,9.960000e-01,27/92,17.85%,MYC;RBX1;RHOA;LEFTY1;GREM2;ACVR2B;LEFTY2;SMAD6;ID4;BAMBI;GDF7;TFDP1;BMP2;CDKN2B;GDF6;INHBC;SP1;NOG;MAPK3;SMAD2;BMP7;TGFBR2;E2F5;AMH;SMAD7;EP300;SMAD3
prerank,Viral carcinogenesis,-0.3016880722119853,-1.379336426140913,1.388889e-02,2.422360e-01,9.920000e-01,41/190,14.59%,KRAS;CDK4;CCND1;DDB1;CDC42;ATF4;CREBBP;GTF2B;SCIN;H2BC13;H2BC5;H2BC18;SRF;H2BC14;IL6ST;HDAC3;DDX3X;DNAJA3;CREB3;PIK3R3;RASA2;MDM2;HDAC4;PRKACA;H2BC21;H2BC11;GTF2A1L;H4C1;HDAC7;CCR5;H4C4;CDKN1A;VDAC3;H4C3;H2BC9;ATF2;STAT5A;BAX;PRKACB;PKM;CASP3
prerank,Central carbon metabolism in cancer,-0.35364837691181533,-1.372921974177263,6.276151e-02,2.477580e-01,9.920000e-01,10/69,9.07%,KRAS;PTEN;SLC16A3;HK2;IDH1;SLC7A5;PDGFRA;PIK3R3;HK1;PDHA2
prerank,Fatty acid biosynthesis,-0.4700231191562215,-1.3637385267096962,1.124031e-01,2.578938e-01,9.920000e-01,3/17,9.37%,ACSL3;OXSM;ACSL6
prerank,Human papillomavirus infection,-0.2762934749872498,-1.3636193216914638,4.608295e-03,2.524494e-01,9.920000e-01,35/325,7.09%,KRAS;CDK4;CCND1;ATP6V1A;PTEN;CDC42;PPP2R1A;ATP6V1E1;FADD;ATP6AP1;CREBBP;TUBG1;CSNK1A1;ATP6V1G1;ATP6V1B2;TSC1;RPS6KB1;PPP2R5E;TSC2;IFNA8;GSK3B;ATP6V0B;ITGA1;PPP2R5C;ITGA6;PARD6B;PALS1;VTN;STAT1;CREB3;PIK3R3;TCIRG1;ATP6V1C1;PARD3;ITGA10
prerank,Huntington disease,0.28777465274994074,1.356791583049315,7.220217e-03,3.684153e-01,1.000000e+00,59/279,10.94%,PSMB5;POLR2L;PSMD11;PSMB4;NDUFA6;POLR2F;PSMA3;UQCR10;PSMA4;PSMD14;COX7C;ATP5F1A;RCOR1;PSMD1;ATP5PB;POLR2H;NDUFB4;COX6B2;NDUFB11;COX7B;SDHD;HDAC1;NDUFA4;ATP5F1E;SOD2;MAPK9;PSMA5;PPIF;TUBB4A;AP2A2;HDAC2;CYC1;PSMC1;PSMA2;UQCRFS1;SIN3A;NDUFB10;ATG2B;COX6A2;UQCRC1;TUBB;NDUFB8;TAF4B;DNAI2;COX5B;PSMA1;MAP3K10;COX6C;WIPI2;ACTR1B;PSMB2;NDUFB7;PSMD13;SP1;TAF4;ULK1;PSMD6;NDUFA12;NDUFA8
prerank,PD-L1 expression and PD-1 checkpoint pathway in cancer,-0.3382697421439991,-1.3520126009349875,5.882353e-02,2.656306e-01,9.940000e-01,9/89,7.18%,KRAS;PTEN;CSNK2A1;RPS6KB1;CSNK2B;NFKBIE;STAT1;PIK3R3;NFKBIB
prerank,Hedgehog signaling pathway,-0.36098911378700127,-1.3473435103016973,1.020408e-01,2.674414e-01,9.940000e-01,13/54,15.54%,CCND1;CUL3;CSNK1A1;SPOPL;SMURF2;GSK3B;FBXW11;PTCH1;PRKACA;BTRC;SMO;PRKACB;PTCH2
prerank,Kaposi sarcoma-associated herpesvirus infection,-0.29628111864792067,-1.345162737326307,3.686636e-02,2.653620e-01,9.940000e-01,39/190,17.38%,KRAS;CDK4;CCND1;FADD;RPS27A;CREBBP;CALM2;MAP2K4;IFNA8;GSK3B;IL6ST;GNG3;STAT1;PIK3C3;GNB4;PIK3R3;GNG13;CD200R1;IFNAR2;PLCG2;CCR5;CDKN1A;IFNA5;ATG3;CD200R1L;BAX;MAP2K2;CD86;MAPK12;CASP3;GNG2;PPP3CB;E2F1;IL6;TBK1;ITPR2;RCAN1;ZFP36;CALML6
prerank,Ubiquitin mediated proteolysis,-0.3064418543113219,-1.3406110933649822,2.092050e-02,2.678938e-01,9.940000e-01,48/139,20.08%,DDB1;UBE2D3;PRPF19;ANAPC13;RPS27A;CUL3;BRCA1;UBE2L3;PIAS3;ITCH;SOCS3;UBE2D1;SMURF2;CDC23;UBE4B;FBXW11;UBE2F;FBXW7;UBE2O;TRIM32;MDM2;HERC2;UBE2S;UBE2I;UBE2B;UBE2D4;STUB1;UBE3B;BTRC;UBR5;TRIP12;MAP3K1;CUL5;COP1;ANAPC1;HUWE1;HERC1;FANCL;UBE3A;BIRC7;RNF7;KLHL9;UBE2E3;UBE2U;UBB;TRAF6;CUL2;HERC4
prerank,Thermogenesis,0.29393206368145697,1.3383723496465467,3.731343e-02,4.007933e-01,1.000000e+00,48/215,10.94%,GRB2;SMARCD1;MLST8;SOS1;NDUFA6;SMARCA4;UQCR10;COA3;RPS6;ATP5MF;COX7C;ATP5F1A;ARID1A;ATP5ME;ATP5PB;NDUFB4;COX6B2;NDUFB11;COX7B;SDHD;NDUFA4;ATP5F1E;COX10;ADRB3;KDM1A;CYC1;RPTOR;UQCRFS1;FRS2;NDUFB10;COX6A2;UQCRC1;MAPK14;NDUFB8;COX5B;GCG;ARID1B;COX6C;NDUFAF6;NDUFB7;FGFR1;SIRT6;SMARCC1;ATP5MG;ACTL6B;NDUFA12;SMARCB1;NDUFA8
prerank,Proteasome,0.38116330372062934,1.3357418594669892,8.064516e-02,3.894895e-01,1.000000e+00,17/46,14.17%,PSMB5;PSMD11;PSMB4;PSMA3;PSMA4;PSMD14;PSMD1;PSMA5;PSMC1;PSMA2;PSMA1;PSMB2;PSMD13;PSMD6;PSMB1;PSME4;PSMB10
prerank,Vasopressin-regulated water reabsorption,-0.37216549967202944,-1.333081271869495,7.200000e-02,2.763074e-01,9.940000e-01,18/44,22.65%,DYNLL1;DCTN6;RAB11A;DCTN5;DYNC2LI1;RAB5B;CREB3;PRKACA;AQP2;PRKACB;RAB5A;DYNC1LI1;PRKACG;DCTN4;AVPR2;CREB3L2;CREB3L3;RAB5C
prerank,Non-homologous end-joining,-0.5218731480144035,-1.3305794215616789,1.299213e-01,2.754407e-01,9.940000e-01,7/12,20.03%,FEN1;XRCC4;MRE11;LIG4;NHEJ1;XRCC5;POLL
prerank,Cardiac muscle contraction,0.3372775644564998,1.3255995052550975,7.936508e-02,3.986846e-01,1.000000e+00,23/81,16.16%,ATP2A2;ASPH;UQCR10;ATP1A1;COX7C;COX6B2;COX7B;CYC1;SLC9A1;UQCRFS1;COX6A2;UQCRC1;CACNG8;COX5B;COX6C;SLC9A6;TNNI3;CACNA1S;MYH6;COX8C;UQCRB;CACNA2D4;TRDN
prerank,Acute myeloid leukemia,-0.3411411820118816,-1.3239618047789887,6.910569e-02,2.817986e-01,9.940000e-01,4/67,2.97%,KRAS;CCND1;IL3;RPS6KB1
prerank,Herpes simplex virus 1 infection,-0.26486734286768904,-1.3188201380202682,4.975124e-03,2.866514e-01,9.960000e-01,193/476,31.32%,SRSF2;SRSF7;FADD;ZNF716;ZNF45;PPP1CC;SRSF5;TSC1;SRPK1;TAP2;SOCS3;ZNF585A;ZNF285;TSC2;IFNA8;ZNF559;ZNF334;ZNF112;ZNF81;EIF2B1;ZNF343;ZNF383;HCFC1;DAXX;HLA-DMA;ZNF684;ZNF235;ZNF680;ZNF677;ZNF600;STAT1;ZNF77;EIF2AK4;PIK3R3;ZNF429;ZNF283;ZNF613;ZNF605;IFNAR2;ZNF490;ZNF555;ZNF181;ZNF267;ZNF189;ZNF14;ZNF418;ZNF571;ZFP69B;BCL2L1;ZNF254;ZNF404;ZNF442;ZNF470;ZNF529;ZNF736;ZNF200;ZNF484;ZNF256;ZNF91;ZNF875;ZFP30;ZNF234;ZNF93;EIF2S1;ZNF570;ZNF540;SRSF6;CALR;ZNF223;IFNA5;ZNF627;ZNF99;ZNF780B;POU2F1;ZNF107;ZNF382;ZNF562;ZNF419;BAX;IRAK1;ZNF829;ZNF816;ZFP82;ZNF560;ZNF10;CASP3;ZNF596;ZNF689;ZNF230;ZNF780A;ZNF2;ZNF568;ZNF506;ZNF461;ZNF726;IL6;TBK1;ZNF566;ZNF514;SRSF1;NFKBIA;ZNF670;ZNF224;MAP3K7;ZNF205;STAT2;ZNF101;ZFP69;ZNF669;ZNF567;ZNF433;ZNF527;ZNF233;TRAF6;ZNF180;HLA-DOB;OAS2;ZNF589;ZNF175;ZNF790;ZNF85;ZNF814;ZNF90;ZNF585B;TRAF5;ZNF347;ZNF337;ZNF253;ZNF114;HLA-DQA2;ZNF286A;PIK3R1;ZNF675;IL12A;ZNF793;TLR2;ZNF841;ZNF426;RHEB;ZFP92;ZNF714;B2M;ZNF160;ZNF436;ZNF641;ZNF777;ZNF564;TYK2;ZNF486;ZNF432;ZNF557;CASP8;ZNF682;ZNF195;IFNGR2;IFNAR1;ZFP1;ZNF25;HLA-DMB;ZNF510;NXF1;TNF;ZNF782;RBAK;ZNF616;ZNF57;RELA;ZNF37A;ZNF155;ZNF879;ZNF853;NXF3;TLR3;ZNF182;TP53;CGAS;ZNF836;TNFRSF1A;ZNF534;ZNF619;ZNF582;IFNA1;ZNF43;ZNF211;ZNF620;ZNF136;ZNF227;ZNF552;ZNF891;ZNF749;CCL5;ZNF546;JAK2
prerank,Fc epsilon RI signaling pathway,-0.34519408107132316,-1.3184324066354864,7.017544e-02,2.819162e-01,9.960000e-01,7/65,7.50%,KRAS;IL3;PRKCA;MAP2K4;RAC3;PIK3R3;PLA2G4D
prerank,Citrate cycle (TCA cycle),0.401250144502472,1.317543703343087,1.176471e-01,4.022668e-01,1.000000e+00,8/30,11.87%,ACO2;ACLY;IDH3B;SDHD;PDHB;DLAT;SUCLG2;ACO1
prerank,T cell receptor signaling pathway,-0.32487476087677547,-1.3171933235382363,5.371901e-02,2.792756e-01,9.960000e-01,8/100,7.18%,KRAS;CDK4;CDC42;PTPRC;GSK3B;NFKBIE;PIK3R3;NFKBIB
prerank,Cholinergic synapse,-0.3209358378333327,-1.3169798132634898,5.769231e-02,2.747490e-01,9.960000e-01,19/110,15.67%,KRAS;ATF4;GNAI1;PRKCA;CHRNA7;GNG3;GNB4;CREB3;PIK3R3;GNG13;PRKACA;CHRNA6;CAMK2D;PRKCB;PRKACB;CHRM2;GNG2;ADCY5;KCNJ4
prerank,ECM-receptor interaction,0.32823020831173627,1.3091124130550875,8.108108e-02,4.090819e-01,1.000000e+00,33/87,28.63%,ITGB7;ITGB1;LAMB1;SDC1;COMP;ITGB8;GP5;ITGA7;GP6;TNR;ITGB4;LAMC3;FN1;ITGB5;LAMA5;GP9;LAMB2;CD44;COL6A1;DMP1;IBSP;THBS2;COL4A2;LAMA3;LAMA1;COL9A1;ITGA8;SDC4;COL1A2;SV2B;COL1A1;HMMR;THBS1
prerank,alpha-Linolenic acid metabolism,-0.42969957104327305,-1.303494860287002,1.373391e-01,2.928678e-01,9.980000e-01,9/22,25.70%,ACOX1;ACAA1;PLA2G4D;PLA2G12B;PLA2G1B;PLA2G4E;PLA2G12A;PLA2G2F;PLA2G2D
prerank,Nicotinate and nicotinamide metabolism,0.3981365365025455,1.3032543438775561,1.089494e-01,4.082032e-01,1.000000e+00,14/34,25.77%,NAMPT;NADK2;SIRT7;SIRT6;NNMT;SIRT3;NNT;SIRT1;NMNAT3;NMNAT1;PNP;QPRT;NT5C;NT5C1B
prerank,Amino sugar and nucleotide sugar metabolism,0.3631133538395597,1.3007215852421898,1.024735e-01,3.993257e-01,1.000000e+00,18/48,21.72%,PMM2;PGM3;GMPPB;UGP2;CYB5R3;MPI;HEXA;GMDS;UAP1;GNPDA1;UXS1;CYB5RL;PGM1;NPL;GMPPA;CMAS;UGDH;GFPT2
prerank,Renal cell carcinoma,-0.3312324682048837,-1.2982383742680101,9.051724e-02,2.966224e-01,9.980000e-01,5/68,1.14%,KRAS;CDC42;EGLN1;CREBBP;RAP1B
prerank,RNA polymerase,-0.4068806314654371,-1.2976530891138722,1.570248e-01,2.927313e-01,9.980000e-01,8/27,8.45%,POLR1C;POLR3H;POLR1A;POLR2E;POLR3E;POLR1B;POLR1D;POLR3C
prerank,Parkinson disease,0.2789296062560443,1.2960081996886834,4.316547e-02,3.980594e-01,1.000000e+00,47/230,11.93%,PSMB5;PSMD11;PSMB4;NDUFA6;PSMA3;UQCR10;PSMA4;PSMD14;COX7C;ATP5F1A;DRD2;PSMD1;TXN;ATP5PB;NDUFB4;COX6B2;NDUFB11;COX7B;SDHD;NDUFA4;ATP5F1E;MAPK9;PSMA5;PPIF;TUBB4A;CYC1;PSMC1;PSMA2;UQCRFS1;NDUFB10;COX6A2;UQCRC1;TUBB;NDUFB8;CALML4;SNCAIP;COX5B;PSMA1;COX6C;PSMB2;NDUFB7;PSMD13;PSMD6;NDUFA12;NDUFA8;GNAI3;GNAI2
prerank,RNA transport,-0.29691688548750433,-1.2941648964303771,4.128440e-02,2.945147e-01,9.980000e-01,47/154,14.82%,RBM8A;KPNB1;EIF1AY;DDX19A;NUP43;EIF1AX;EIF4A1;PNN;FUS;NMD3;TACC3;NUP93;NUP160;THOC1;EEF1A1;RAN;GEMIN6;NUP62;RANGAP1;EIF2B1;RNPS1;NUP188;SUMO1;EIF3I;NUP153;DDX19B;EIF4E1B;EIF4G3;NUP210L;CLNS1A;FXR1;UBE2I;PABPC1;TARDBP;NUP35;EIF2S1;NUP58;EIF3D;EIF2S3;PRMT5;UPF3B;EIF4EBP3;PYM1;NUP98;UPF2;NUP50;RAE1
prerank,Hepatitis C,-0.2909250453868727,-1.2895637411272878,4.273504e-02,2.975080e-01,9.980000e-01,14/152,6.57%,KRAS;CDK4;CCND1;CFLAR;PPP2R1A;FADD;SOCS3;CLDN5;IFNA8;GSK3B;STAT1;EIF2AK4;OCLN;PIK3R3
prerank,Gap junction,-0.3227974484886986,-1.2843042527568045,8.860759e-02,3.014446e-01,1.000000e+00,17/87,15.23%,KRAS;TUBA1B;GNAI1;PRKCA;TUBA1A;PDGFRA;HTR2B;TUBB4B;PRKACA;TUBB3;GRM5;GJD2;PRKCB;MAP2K2;PRKACB;TUBB2A;ADCY5
prerank,Necroptosis,-0.2932437882250903,-1.2839733761506162,4.672897e-02,2.971101e-01,1.000000e+00,27/147,14.08%,TRPM7;CHMP6;CFLAR;DNM1L;FADD;CHMP5;CHMP1A;VPS4B;VDAC2;TNFAIP3;H2AC12;IFNA8;PYGL;STAT1;CHMP3;PLA2G4D;H2AC21;IFNAR2;GLUL;STAT4;CAMK2D;VDAC3;IFNA5;CHMP4A;STAT5A;BAX;CAPN1
prerank,Taste transduction,-0.3181835105941428,-1.2823107306732582,6.637168e-02,2.951675e-01,1.000000e+00,33/84,28.36%,HTR1F;TAS2R42;PKD2L1;GNAT3;TAS2R1;GNG13;PRKACA;HTR1B;TAS2R39;TAS2R7;GABRA2;TAS2R41;PRKACB;TAS2R10;SCNN1B;P2RX3;TAS2R16;PRKACG;TAS2R30;ASIC2;PDE1B;TAS2R5;TAS2R4;TAS2R40;SCN3A;TAS2R13;TAS2R3;TAS1R3;GNB3;TAS2R46;SCN2A;TAS1R2;GRM1
prerank,Chemokine signaling pathway,-0.283093134376027,-1.276528381394509,5.069124e-02,3.018151e-01,1.000000e+00,31/187,15.23%,KRAS;CDC42;FOXO3;RAP1B;CCL4;CCL21;GNAI1;GSK3B;RAC3;GNG3;STAT1;GNB4;PIK3R3;GNG13;PARD3;NFKBIB;PF4;CCL14;PRKACA;PLCG2;CCR5;CRKL;RAC2;PRKCB;PF4V1;CCL18;GRK6;PRKACB;GNG2;CX3CR1;ADCY5
prerank,Sphingolipid signaling pathway,-0.29861290335307855,-1.2744378790156148,6.410256e-02,3.011887e-01,1.000000e+00,21/117,14.65%,KRAS;PTEN;PPP2R1A;GNAI1;PRKCA;PPP2R5E;ADORA3;PPP2R5C;RAC3;PIK3R3;NOS3;DEGS1;SGPP2;SGPP1;RAC2;PRKCB;PPP2R5D;BAX;MAP2K2;MAPK12;CERS5
prerank,Hepatocellular carcinoma,0.28626562211894296,1.270981690500562,5.035971e-02,4.538052e-01,1.000000e+00,40/164,14.51%,MYC;GRB2;EGFR;SMARCD1;CDK6;GAB1;ARID2;SOS1;SMARCA4;TXNRD1;IGF1R;CDKN2A;E2F3;ARID1A;GSTM4;IGF2;WNT7A;PIK3R2;WNT1;BRD7;TGFA;ARID1B;AKT1;SMARCC1;ACTL6B;WNT10A;KEAP1;SMARCB1;GADD45G;WNT4;LRP6;MAPK3;SMAD2;FRAT1;CSNK1A1L;SHC2;TGFBR2;GSTM1;AKT3;PIK3CA
prerank,Apoptosis,-0.290225374058729,-1.2695065334437983,6.422018e-02,3.062778e-01,1.000000e+00,12/138,5.49%,KRAS;ATF4;CFLAR;FADD;TUBA1B;IL3;ACTG1;LMNA;TUBA1A;CASP7;CTSL;DAXX
prerank,Diabetic cardiomyopathy,0.28075343487816856,1.2635189040357433,6.439394e-02,4.585618e-01,1.000000e+00,43/185,14.51%,ATP2A2;NDUFA6;UQCR10;RAC1;COX7C;ATP5F1A;ATP5PB;NDUFB4;COX6B2;NDUFB11;COX7B;SDHD;NDUFA4;ATP5F1E;ACE;MAPK9;PPIF;CTSD;PIK3R2;PDHB;CYC1;UQCRFS1;NDUFB10;COX6A2;UQCRC1;MAPK14;NDUFB8;INSR;SLC2A1;COX5B;COX6C;AKT1;NDUFB7;SP1;NDUFA12;NDUFA8;PRKCD;PPP1CB;SMAD2;TNNI3;TGFBR2;AKT3;PIK3CA
prerank,Epithelial cell signaling in Helicobacter pylori infection,-0.31856073779983823,-1.260694094194608,8.558559e-02,3.193712e-01,1.000000e+00,15/69,11.27%,ATP6V1A;CDC42;ATP6V1E1;ATP6AP1;PTPRZ1;ATP6V1G1;ATP6V1B2;MAP2K4;ATP6V0B;TCIRG1;ATP6V1C1;ATP6V1B1;PLCG2;JAM2;ATP6V1D
prerank,Human immunodeficiency virus 1 infection,-0.27333602269268886,-1.2557411358583692,4.867257e-02,3.255069e-01,1.000000e+00,39/208,14.76%,KRAS;DDB1;FADD;CFL1;CCNB1;CALM2;GNAI1;PRKCA;RPS6KB1;TAP2;IFNA8;FBXW11;WEE1;RAC3;GNG3;APOBEC3B;GNB4;PIK3R3;GNG13;BCL2L1;CDC25C;PLCG2;PAK6;CCR5;CRKL;RAC2;BTRC;CALR;IFNA5;PRKCB;BAX;AP1S3;IRAK1;CUL5;MAP2K2;MAPK12;CASP3;GNG2;PPP3CB
prerank,Vitamin digestion and absorption,0.402839033989794,1.2556094668974844,1.411765e-01,4.667637e-01,1.000000e+00,7/23,17.45%,PLB1;APOA4;SLC5A6;ABCC1;LRAT;SLC52A3;LMBRD1
prerank,"Neomycin, kanamycin and gentamicin biosynthesis",-0.6396144410414738,-1.2492234261005948,2.115385e-01,3.335304e-01,1.000000e+00,2/5,7.86%,HK2;HK1
prerank,Legionellosis,0.3532484731413401,1.2473055472594268,1.716418e-01,4.758977e-01,1.000000e+00,12/53,15.11%,ARF1;VCP;RAB1A;EEF1A2;CD14;CXCL3;RAB1B;CR1;ITGB2;HSPA6;SAR1B;HSPA8
prerank,Glycosylphosphatidylinositol (GPI)-anchor biosynthesis,-0.38223113874123005,-1.2323061770991874,2.051282e-01,3.628675e-01,1.000000e+00,9/26,17.85%,PIGW;PIGH;PGAP1;PIGF;PIGC;PIGV;PIGS;PIGT;PIGB
prerank,PPAR signaling pathway,-0.3137476489627997,-1.2315254360726657,1.435185e-01,3.598335e-01,1.000000e+00,23/73,27.49%,ACSL3;ACOX1;GK;ACAA1;SCP2;ACSL6;ME1;PPARA;GK2;CPT1B;FABP7;FABP4;FABP1;CPT1A;SCD5;SLC27A6;DBI;PLIN5;SLC27A1;ACADL;FABP3;ACADM;APOA2
prerank,Choline metabolism in cancer,-0.30301892669741964,-1.231501550497274,1.250000e-01,3.549396e-01,1.000000e+00,11/96,7.50%,KRAS;PRKCA;TSC1;PIP5K1A;RPS6KB1;TSC2;PDGFRA;RAC3;PIP5K1B;PIK3R3;PLA2G4D
prerank,Prion disease,0.2665167114586492,1.230931363517655,5.054152e-02,5.101458e-01,1.000000e+00,62/250,16.91%,PSMB5;PSMD11;PSMB4;NDUFA6;PSMA3;UQCR10;PSMA4;RAC1;PSMD14;COX7C;ATP5F1A;PSMD1;ATP5PB;NDUFB4;COX6B2;NDUFB11;COX7B;SDHD;NDUFA4;ATP5F1E;MAPK9;PSMA5;PPIF;NOTCH1;PIK3R2;TUBB4A;CYC1;PSMC1;PSMA2;UQCRFS1;NDUFB10;COX6A2;UQCRC1;TUBB;MAPK14;NDUFB8;COX5B;PSMA1;COX6C;PSMB2;NDUFB7;PSMD13;PSMD6;NDUFA12;NDUFA8;PRKCD;C8B;HSPA6;MAPK3;CACNA1S;PSMB1;PRNP;CAV1;PIK3CA;HSPA8;COX8C;ATF6B;UQCRB;CREB5;KLC1;C1QA;CYBB
prerank,Chronic myeloid leukemia,-0.3169498352258938,-1.2302894784621672,1.441048e-01,3.526872e-01,1.000000e+00,3/76,0.08%,KRAS;CDK4;CCND1
prerank,Synaptic vesicle cycle,-0.3047897826138196,-1.229364827894457,1.026786e-01,3.498072e-01,1.000000e+00,23/78,20.56%,ATP6V1A;ATP6V1E1;NAPA;ATP6V1G1;ATP6V1B2;STX3;ATP6V0B;AP2B1;TCIRG1;ATP6V1C1;ATP6V1B1;SLC17A6;SLC6A12;ATP6V1D;SLC6A5;UNC13B;SLC6A4;RIMS1;CLTCL1;SLC32A1;ATP6V0D2;SYT1;SLC6A2
prerank,Notch signaling pathway,0.34428095909112033,1.2290927358973958,1.768953e-01,5.017206e-01,1.000000e+00,19/57,22.64%,HDAC1;KAT2B;DLL1;NOTCH1;KAT2A;HDAC2;DTX1;HES5;HES1;HEY2;MAML2;RBPJL;EP300;PSEN2;NUMB;NOTCH3;NCOR2;NOTCH4;APH1B
prerank,Small cell lung cancer,0.30253633219792,1.225000859849526,1.155235e-01,5.001253e-01,1.000000e+00,23/92,16.48%,MYC;SKP2;CKS1B;CDK6;BCL2;E2F3;ITGB1;PTK2;PIK3R2;LAMB1;CDKN2B;AKT1;LAMC3;CCNE1;RXRA;FN1;GADD45G;AKT3;PIK3CA;LAMA5;LAMB2;CCNE2;GADD45A
prerank,"Growth hormone synthesis, secretion and action",-0.2881024262701123,-1.221897327914002,1.200000e-01,3.612210e-01,1.000000e+00,21/118,14.34%,KRAS;ATF4;CREBBP;GNAI1;PRKCA;MAP2K4;SOCS3;GSK3B;STAT1;CREB3;PIK3R3;PRKACA;PLCG2;CRKL;PRKCB;MAP3K1;ATF2;STAT5A;MAP2K2;MAPK12;PRKACB
prerank,Salivary secretion,0.3008408186627751,1.2207023520060913,1.301115e-01,4.989915e-01,1.000000e+00,28/86,25.29%,PRH2;ATP1A1;ADRA1D;ADRB3;AMY2A;KCNMA1;SLC9A1;CALML4;TRPV6;ATP2B1;AQP5;BEST2;HTN3;ADCY9;ADCY7;ATP2B4;ADRA1B;CST3;MUC5B;CALML5;NOS1;HTN1;CALML3;PRKCG;ATP1A2;PRKG2;SLC4A2;GNAS
prerank,Insulin resistance,-0.2909440719988631,-1.2202389165095475,1.046025e-01,3.597786e-01,1.000000e+00,18/107,7.84%,PTEN;OGA;PRKAG2;PPP1CC;PRKAG1;SLC27A3;RPS6KB1;RPS6KA3;SOCS3;SREBF1;PTPA;GSK3B;PTPN1;PYGL;CREB3;PIK3R3;NOS3;MLX
prerank,Breast cancer,-0.27836840044513544,-1.2200967356795136,1.101322e-01,3.553314e-01,1.000000e+00,9/146,3.63%,KRAS;CDK4;CCND1;PTEN;BRCA1;BRCA2;CSNK1A1;RPS6KB1;FGF3
prerank,Porphyrin and chlorophyll metabolism,0.34970949011731783,1.219578926852587,1.654676e-01,4.888102e-01,1.000000e+00,17/40,21.20%,EARS2;UROS;HMBS;ALAD;CPOX;COX10;UGT2B17;FECH;UGT1A1;ALAS1;HCCS;COX15;CP;BLVRA;GUSB;UGT1A8;BLVRB
prerank,Selenocompound metabolism,-0.4343893173099751,-1.219229009887394,2.448980e-01,3.522373e-01,1.000000e+00,4/16,6.11%,SEPHS2;SEPSECS;MARS1;PSTK
prerank,Dopaminergic synapse,-0.28171108274185563,-1.2163840202535,1.223629e-01,3.539593e-01,1.000000e+00,25/127,15.23%,ATF4;PPP2R1A;PPP1CC;CALM2;GNAI1;PRKCA;DDC;PPP2R5E;GSK3B;PPP2R5C;GNG3;GNB4;CREB3;GNG13;PRKACA;COMT;CAMK2D;PRKCB;ATF2;PPP2R5D;MAPK12;PRKACB;GNG2;PPP3CB;ADCY5
prerank,Proteoglycans in cancer,0.27297179497074264,1.2126391421337281,1.003717e-01,4.960002e-01,1.000000e+00,46/201,15.73%,MYC;GRB2;PTPN11;EGFR;GAB1;SOS1;IGF1R;RAC1;RPS6;RHOA;ROCK2;FGF2;IGF2;WNT7A;ITGB1;PTK2;PXN;PIK3R2;TWIST2;WNT1;SLC9A1;FRS2;ERBB3;PPP1R12B;MAPK14;SDC1;ANK3;ERBB2;AKT1;FGFR1;ESR1;WNT10A;FN1;ITGB5;PPP1CB;WNT4;MAPK3;SMAD2;ANK2;CAV1;AKT3;PIK3CA;FLNA;CD44;GPC1;FZD1
prerank,Human cytomegalovirus infection,-0.2633510439452705,-1.211218329485815,8.181818e-02,3.594276e-01,1.000000e+00,49/221,17.38%,KRAS;CDK4;CCND1;ATF4;FADD;CCL4;CALM2;GNAI1;PRKCA;TSC1;RPS6KB1;TAP2;TSC2;IFNA8;GSK3B;PDGFRA;RAC3;GNG3;GNB4;CREB3;PIK3R3;GNG13;MDM2;PRKACA;CCR5;CRKL;RAC2;CDKN1A;CALR;IL6R;IFNA5;PRKCB;ATF2;BAX;MAP2K2;MAPK12;PRKACB;CASP3;GNG2;PPP3CB;IL10RB;ADCY5;CXCR2;E2F1;IL6;TBK1;AKAP13;ITPR2;CALML6
prerank,FoxO signaling pathway,-0.2810299108716923,-1.2093734881993528,1.283186e-01,3.587869e-01,1.000000e+00,8/127,2.32%,KRAS;CCND1;PTEN;FOXO3;CREBBP;PRKAG2;CCNB1;PRKAG1
prerank,AMPK signaling pathway,-0.2798269376041239,-1.2059177658906937,1.148936e-01,3.612999e-01,1.000000e+00,18/118,6.83%,CCND1;PPP2R1A;FOXO3;PRKAG2;ELAVL1;PRKAG1;TSC1;RPS6KB1;SREBF1;PPP2R5E;TSC2;LEP;PPP2R5C;LEPR;STK11;CREB3;PIK3R3;EEF2
prerank,Rheumatoid arthritis,-0.2958073239814199,-1.1984702930097597,1.282051e-01,3.725645e-01,1.000000e+00,12/89,8.99%,ATP6V1A;ATP6V1E1;ATP6AP1;ATP6V1G1;ATP6V1B2;ATP6V0B;CTSL;HLA-DMA;TCIRG1;ATP6V1C1;ATP6V1B1;TNFSF13
prerank,B cell receptor signaling pathway,-0.30719200070012864,-1.1956762176086573,1.900826e-01,3.740067e-01,1.000000e+00,13/77,14.76%,KRAS;GSK3B;CR2;NFKBIE;RAC3;PIK3R3;NFKBIB;PLCG2;RAC2;CD19;PRKCB;MAP2K2;PPP3CB
prerank,Pathways of neurodegeneration,-0.23923048043832454,-1.1921527743824718,5.022831e-02,3.774546e-01,1.000000e+00,90/448,17.17%,KRAS;COX7A2;ACTR1A;ATF4;DCTN6;SOD1;FADD;PSMC2;TUBA1B;RPS27A;UBE2L3;PSMB6;DCTN5;CCS;AMBRA1;FUS;CSNK2A1;CSNK1A1;PIK3R4;CALM2;PRKCA;VDAC2;NDUFS5;PSMC3;PSMD2;CHRNA7;UQCR11;NDUFB1;DKK1;ATG2A;TUBA1A;UQCRQ;NDUFA3;CASP7;CSNK2B;GSK3B;TOMM40;ACTR10;DAXX;PIK3C3;TANK;TUBB4B;FRAT2;KLC3;COX7B2;NDUFS4;TUBB3;ATG13;BCL2L1;DLG4;RYR1;GPR37;GPX8;TARDBP;WNT8A;FZD3;EIF2S1;NDUFA5;GRM5;CAMK2D;ATP2A3;HAP1;VDAC3;PRKCB;PSMB7;DDIT3;BAX;MAP2K2;MAPK12;CAPN1;CASP3;HTRA2;NOS2;TUBB2A;IFT57;ULK2;PPP3CB;PSMD4;MFN2;SDHC;DKK4;WNT2B;DNAH5;IL6;TBK1;ATXN2L;SQSTM1;ITPR2;RAB5A;ATP5MC2
prerank,Signaling pathways regulating pluripotency of stem cells,0.27502670616734193,1.1893562635282984,1.370370e-01,5.556657e-01,1.000000e+00,31/140,15.73%,MYC;GRB2;SOX2;IGF1R;FGF2;LEFTY1;PCGF1;WNT7A;POU5F1B;ACVR2B;LEFTY2;PIK3R2;ID4;WNT1;HAND1;MAPK14;LIFR;SETDB1;INHBC;AKT1;RIF1;FGFR1;WNT10A;WNT4;MAPK3;SMAD2;AKT3;PIK3CA;NEUROG1;APC2;FZD1
prerank,PI3K-Akt signaling pathway,-0.24150519512675456,-1.1852830143348654,6.598985e-02,3.876411e-01,1.000000e+00,39/343,8.42%,KRAS;CDK4;CCND1;PTEN;ATF4;PPP2R1A;FOXO3;PKN2;BRCA1;IL3;NR4A1;PRKCA;TSC1;DDIT4;RPS6KB1;FGF3;PPP2R5E;TSC2;IFNA8;PRLR;GSK3B;PDGFRA;ITGA1;PPP2R5C;ITGA6;GNG3;STK11;EFNA5;VTN;GNB4;CREB3;PIK3R3;GNG13;ITGA10;NOS3;PKN3;MDM2;EIF4E1B;IFNAR2
prerank,Regulation of lipolysis in adipocytes,0.3245034354865241,1.1845454430779647,2.164179e-01,5.578796e-01,1.000000e+00,21/55,27.24%,IRS2;ADRB3;PIK3R2;INSR;AKT1;GNAI3;AQP7;GNAI2;ADORA1;AKT3;PIK3CA;ADCY9;ADCY7;PTGS2;PTGER3;PRKG2;GNAS;PLIN1;PIK3CB;NPPA;ABHD5
prerank,p53 signaling pathway,-0.30192881089457435,-1.1837963068017734,1.659193e-01,3.861081e-01,1.000000e+00,18/72,17.84%,CDK4;CCND1;PTEN;CCNB1;MDM4;TSC2;MDM2;GTSE1;BCL2L1;SESN1;CDKN1A;BAX;COP1;CASP3;SESN2;GORAB;SERPINB5;CDK2
prerank,Neurotrophin signaling pathway,-0.27820334458443463,-1.1806205077502903,1.659389e-01,3.877970e-01,1.000000e+00,12/117,7.37%,KRAS;CDC42;ATF4;FOXO3;RAP1B;CALM2;RPS6KA3;GSK3B;NFKBIE;PIK3R3;NFKBIB;KIDINS220
prerank,Axon guidance,-0.26420828159232546,-1.1803832018669185,1.142857e-01,3.840899e-01,1.000000e+00,34/178,16.20%,KRAS;CDC42;CFL1;GNAI1;PRKCA;RASA1;GSK3B;EFNB2;PTCH1;RAC3;PARD6B;L1CAM;EFNA5;PIK3R3;PARD3;SEMA3A;PLCG2;PAK6;FZD3;RAC2;SEMA4B;ENAH;CAMK2D;SMO;ABLIM1;SEMA6C;NCK1;NCK2;SEMA3C;MYL12A;PPP3CB;EFNA1;EFNB3;MYL12B
prerank,Base excision repair,0.3499408222971852,1.1796330474769299,2.318841e-01,5.617314e-01,1.000000e+00,7/33,7.65%,POLD1;PCNA;POLE;POLD2;UNG;LIG1;HMGB1
prerank,Thyroid hormone signaling pathway,-0.2754771992717593,-1.1770570985094668,1.826087e-01,3.871525e-01,1.000000e+00,21/120,12.54%,KRAS;CCND1;CREBBP;PRKCA;RCAN2;NCOR1;ACTG1;TSC2;GSK3B;HDAC3;STAT1;PIK3R3;THRA;MDM2;PRKACA;PLCG2;MED30;MYH7;ATP2A3;PRKCB;ATP1B4
prerank,JAK-STAT signaling pathway,0.266502935995806,1.1711956037157627,1.526718e-01,5.775429e-01,1.000000e+00,22/157,11.28%,MYC;GRB2;PTPN11;EGFR;MCL1;CCND2;SOS1;BCL2;PDGFRB;CSF3R;GH1;PIM1;PIK3R2;IL15;LIFR;IL11RA;OSM;AKT1;IFNK;IFNA21;PDGFB;GH2
prerank,Amphetamine addiction,-0.30102069597698083,-1.1686579236965788,2.016129e-01,4.025667e-01,1.000000e+00,16/69,18.21%,ATF4;PPP1CC;CALM2;PRKCA;DDC;GRIN3A;CREB3;PRKACA;CAMK2D;PRKCB;ATF2;PRKACB;PPP3CB;ADCY5;CALML6;PRKACG
prerank,Chemical carcinogenesis,-0.2489551522124704,-1.168108738086314,1.052632e-01,3.994304e-01,1.000000e+00,38/215,15.65%,KRAS;CCND1;KPNB1;ATF4;GNAI1;PRKCA;UGT2B15;UGT1A4;RPS6KB1;RPS6KA3;CHRNA7;FGF3;BCL6;UGT2B4;CREB3;PIK3R3;CYP3A43;HSD11B1;GSTP1;KPNA4;PRKACA;KPNA5;UGT1A5;ADRB2;FGF9;SULT2A1;PPARA;PRKCB;ATF2;STAT5A;CYP2A13;AIP;MAP2K2;PRKACB;GSTO1;CYP3A4;ADCY5;CYP2A6
prerank,IL-17 signaling pathway,-0.2887384730655113,-1.1634970312414954,2.032520e-01,4.052225e-01,1.000000e+00,33/90,28.04%,FADD;ELAVL1;TNFAIP3;FOSL1;MAPK6;TRAF4;LCN2;GSK3B;USP25;IL17F;IL17RE;MAPK12;CASP3;IL6;TBK1;IL17A;SRSF1;S100A7;NFKBIA;MAP3K7;TRAF6;S100A9;TRAF5;IL17RB;IL4;FOSB;MAPK10;MAPK7;CASP8;MAPK13;TNF;CXCL8;RELA
prerank,Gastric cancer,0.2654099209787065,1.160651853451518,1.783217e-01,6.002833e-01,1.000000e+00,35/146,16.65%,MYC;GRB2;EGFR;GAB1;SOS1;BCL2;E2F3;FGF2;WNT7A;PIK3R2;WNT1;FGF22;CDKN2B;ERBB2;AKT1;WNT10A;CCNE1;RXRA;GADD45G;WNT4;LRP6;MAPK3;SMAD2;FRAT1;CSNK1A1L;SHC2;TGFBR2;FGF1;AKT3;PIK3CA;APC2;FZD1;CCNE2;GADD45A;NRAS
prerank,Cocaine addiction,-0.31941824020860315,-1.1584460949885371,2.411067e-01,4.126301e-01,1.000000e+00,15/49,21.63%,ATF4;GNAI1;DDC;GRIN3A;CREB3;PRKACA;DLG4;ATF2;PRKACB;ADCY5;CDK5;PRKACG;GRM2;CREB3L2;CREB3L3
prerank,Measles,-0.265247195651072,-1.1568652089415579,1.283186e-01,4.121466e-01,1.000000e+00,33/135,20.10%,CDK4;CCND1;FADD;CSNK2A1;TNFAIP3;IFNA8;CSNK2B;GSK3B;STAT1;EIF2AK4;PIK3R3;NFKBIB;IFNAR2;BCL2L1;EIF2S1;IFNA5;STAT5A;BAX;IRAK1;CASP3;HSPA1L;IL2RA;SLAMF1;IL6;TBK1;CDK2;NFKBIA;MAP3K7;STAT2;MSN;CD46;TRAF6;OAS2
prerank,Glucagon signaling pathway,-0.27387372981537383,-1.1565525704011193,1.888412e-01,4.085623e-01,1.000000e+00,30/104,21.63%,ATF4;CREBBP;PRKAG2;CALM2;PRKAG1;PYGL;CREB3;PRKACA;PDHA2;PPARA;CAMK2D;ATF2;PGAM2;CPT1B;PRKACB;PPP4R3B;PKM;PPP3CB;G6PC1;ITPR2;GYS1;PYGM;CALML6;PRKACG;CPT1A;FBP2;PRKAA2;PPP4R3A;CREB3L2;CREB3L3
prerank,Glycolysis / Gluconeogenesis,-0.2889879261663234,-1.1563257296962874,2.276423e-01,4.049722e-01,1.000000e+00,13/63,15.96%,ALDOA;ALDOC;HK2;TPI1;HK1;PDHA2;PGK1;DLD;PGAM2;PKM;ALDOB;ALDH1B1;G6PC1
prerank,Hepatitis B,-0.2596895965736977,-1.1502415169019486,1.716738e-01,4.149225e-01,1.000000e+00,34/159,18.57%,KRAS;DDB1;ATF4;FADD;ATP6AP1;CREBBP;PRKCA;MAP2K4;IFNA8;DDX3X;STAT1;CREB3;PIK3R3;STAT4;CDKN1A;VDAC3;IFNA5;PRKCB;MAP3K1;ATF2;STAT5A;BAX;IRAK1;MAP2K2;MAPK12;CASP3;TICAM2;E2F1;IL6;TBK1;CDK2;NFKBIA;MAP3K7;STAT2
prerank,Amyotrophic lateral sclerosis,0.23696037633679282,1.1432778472892628,1.028369e-01,6.464942e-01,1.000000e+00,60/337,10.94%,PSMB5;VCP;PSMD11;PSMB4;NDUFA6;SEC13;PSMA3;RAB1A;UQCR10;PSMA4;RAC1;PSMD14;BCL2;COX7C;SRSF3;ATP5F1A;PSMD1;NUP85;ATP5PB;HNRNPA1L2;NDUFB4;COX6B2;NDUFB11;COX7B;SDHD;NDUFA4;ATP5F1E;PRPH;PSMA5;TUBB4A;NUP210;CYC1;PFN3;PSMC1;PSMA2;UQCRFS1;NDUFB10;ATG2B;POM121C;COX6A2;UQCRC1;TUBB;MAPK14;NDUFB8;DNAI2;COX5B;PSMA1;COX6C;WIPI2;ACTR1B;PSMB2;NDUFB7;NUP37;PSMD13;MAP2K6;NUP205;ULK1;PSMD6;NDUFA12;NDUFA8
prerank,Pancreatic secretion,0.27961224904758464,1.1428036755289215,2.016461e-01,6.339172e-01,1.000000e+00,13/94,9.78%,ATP2A2;SCT;RAC1;ATP1A1;KCNQ1;RHOA;AMY2A;KCNMA1;SLC9A1;CELA3B;SCTR;SLC26A3;ATP2B1
prerank,Arrhythmogenic right ventricular cardiomyopathy,-0.2845163728895175,-1.1382125784999944,2.208333e-01,4.373879e-01,1.000000e+00,16/76,13.17%,CTNNA2;CDH2;CACNB3;DSC2;ACTG1;LMNA;CACNG2;ITGA1;ITGA6;ITGA10;SLC8A3;CTNNA1;SGCB;ITGA2;ATP2A3;CACNG3
prerank,Steroid biosynthesis,0.38825053597310477,1.1369374607585323,2.886179e-01,6.391013e-01,1.000000e+00,7/20,16.27%,FDFT1;HSD17B7;DHCR24;CEL;SQLE;CYP2R1;LBR
prerank,Focal adhesion,0.24995224184094084,1.1366242451915058,1.715328e-01,6.264553e-01,1.000000e+00,46/197,17.40%,GRB2;EGFR;PAK2;CCND2;SOS1;IGF1R;RAC1;BCL2;RHOA;ROCK2;PDGFRB;ITGB7;ITGB1;MAPK9;PTK2;PXN;PIK3R2;VEGFD;LAMB1;PPP1R12B;COMP;ITGB8;ERBB2;ITGA7;AKT1;TNR;ITGB4;PDGFB;LAMC3;FN1;ITGB5;PPP1CB;MAPK3;SHC2;CAV1;VEGFB;AKT3;PIK3CA;LAMA5;FLNA;LAMB2;COL6A1;ZYX;IBSP;THBS2;PPP1R12C
prerank,"Phenylalanine, tyrosine and tryptophan biosynthesis",-0.5351800730263819,-1.1356806333071325,3.015873e-01,4.389812e-01,1.000000e+00,2/6,8.48%,GOT2;IL4I1
prerank,Epstein-Barr virus infection,0.24944699826012562,1.1292783606540058,1.847826e-01,6.382895e-01,1.000000e+00,40/195,15.35%,MYC;SKP2;CDK6;CCND2;PSMD11;HLA-B;RAC1;PSMD14;BCL2;E2F3;PSMD1;TAP1;HDAC1;HLA-DQA1;MAPK9;PIK3R2;HDAC2;PSMC1;SIN3A;MAPK14;HES1;AKT1;PSMD13;IFNA21;MAP2K6;PSMD6;CCNE1;HLA-A;TAPBP;SAP30L;GADD45G;HLA-DRB1;IRAK4;SYK;AKT3;PIK3CA;RBPJL;RUNX3;OAS3;CD44
prerank,Graft-versus-host disease,0.3315154997992015,1.1290241397706386,2.931727e-01,6.258414e-01,1.000000e+00,8/38,12.83%,HLA-B;HLA-DQA1;KIR3DL1;PRF1;GZMB;HLA-A;HLA-DRB1;CD80
prerank,Relaxin signaling pathway,-0.2595957554364468,-1.1261623047725466,2.278481e-01,4.565732e-01,1.000000e+00,14/129,8.97%,KRAS;ATF4;GNAI1;PRKCA;MAP2K4;GNG3;GNB4;CREB3;PIK3R3;GNG13;NOS3;INSL5;PRKACA;RXFP2
prerank,Regulation of actin cytoskeleton,-0.24338039833993927,-1.1254489039505817,2.047619e-01,4.536427e-01,1.000000e+00,31/211,11.85%,KRAS;CDC42;PPP1R12A;PPP1CC;SCIN;CFL1;PIP5K1A;ACTG1;FGF3;BRK1;NCKAP1L;PDGFRA;ITGA1;RAC3;ITGA6;PIP5K1B;MYL7;DIAPH1;PIK3R3;ITGA10;ITGAX;MYLK2;MYL2;PAK6;MYH14;PIP4K2A;CRKL;FGF9;ITGA2;RAC2;ENAH
prerank,Pathways in cancer,0.22599613737999785,1.124415609671601,1.168385e-01,6.290722e-01,1.000000e+00,112/522,17.85%,MYC;GRB2;SKP2;CKS1B;EGFR;CDK6;CCND2;SOS1;ELOC;TXNRD1;IGF1R;RBX1;RAC1;BCL2;CDKN2A;RHOA;E2F3;ROCK2;PTGER4;FGF2;GSTM4;PDGFRB;IGF2;HDAC1;WNT7A;BIRC5;GNA13;DLL1;ITGB1;F2RL3;PAX8;MAPK9;PTK2;CSF3R;DAPK1;PIM1;NOTCH1;PIK3R2;HDAC2;VEGFD;WNT1;FGF22;LAMB1;IL15;BMP2;CDKN2B;GNB2;HES5;CEBPA;TGFA;CALML4;SLC2A1;HES1;LPAR5;ERBB2;EGLN3;HEY2;AKT1;FGFR1;ESR1;SP1;IFNA21;ETS1;WNT10A;KEAP1;BCR;PDGFB;LAMC3;CCNE1;RXRA;MITF;GNAI3;FN1;GNAI2;GADD45G;WNT4;LRP6;DAPK2;KIF7;MAPK3;SMAD2;FRAT1;GNA12;EDNRB;TGFBR2;PTGER1;FGF1;VEGFB;GSTM1;AKT3;PIK3CA;LAMA5;GNG8;LAMB2;PPARG;GNG10;APC2;FZD1;SPI1;CCNE2;ADCY9;GADD45A;IL5RA;NRAS;ZBTB16;ARNT2;PLEKHG5;GNG5;EP300;BID;ALK;SMAD3
prerank,mRNA surveillance pathway,-0.27508342416324005,-1.1230950638488406,2.327586e-01,4.553066e-01,1.000000e+00,22/87,14.26%,RBM8A;PPP2R1A;DDX19A;PNN;PPP1CC;FUS;SMG1;SMG6;DAZAP1;SMG5;PPP2R5E;RNPS1;PPP2R5C;DDX19B;CLP1;PABPC1;TARDBP;PPP2R5D;CPSF3;UPF3B;PYM1;UPF2
prerank,Renin-angiotensin system,-0.37764072654593606,-1.1196294354491345,2.953586e-01,4.591738e-01,1.000000e+00,13/23,29.34%,AGTR2;ACE2;ENPEP;CTSG;CMA1;MRGPRD;PRCP;CPA3;MME;ANPEP;REN;THOP1;ATP6AP2
prerank,Transcriptional misregulation in cancer,0.25076850842370535,1.119219332765158,2.142857e-01,6.344572e-01,1.000000e+00,39/182,16.93%,MYC;CCND2;DOT1L;IGF1R;H3-3A;CD14;HDAC1;H3C8;MAF;ITGB7;PAX8;PTK2;HDAC2;FCGR1A;SIN3A;CEBPA;GZMB;SP1;RXRA;MITF;HOXA10;FEV;GADD45G;ETV5;KDM6A;DEFA6;TGFBR2;NGFR;MEN1;PPARG;GRIA3;H3C2;H3C11;SIX1;SPI1;PAX3;GADD45A;ZBTB16;ARNT2
prerank,Adherens junction,-0.28542670014586746,-1.115562841195595,2.620087e-01,4.647441e-01,1.000000e+00,12/71,8.04%,CDC42;CTNNA2;CREBBP;CSNK2A1;ACTG1;SSX2IP;CSNK2B;CTNND1;PTPN1;RAC3;PARD3;PTPRJ
prerank,Taurine and hypotaurine metabolism,0.4490681339348834,1.1153191824396944,3.359684e-01,6.352472e-01,1.000000e+00,1/11,0.35%,GGT1
prerank,ErbB signaling pathway,0.27853428780924017,1.11108275755398,2.380952e-01,6.365420e-01,1.000000e+00,13/84,9.26%,MYC;GRB2;EGFR;PAK2;GAB1;SOS1;MAPK9;PTK2;PIK3R2;ERBB3;TGFA;ERBB2;AKT1
prerank,Glutathione metabolism,0.30240263943213785,1.109541128284215,2.695312e-01,6.292004e-01,1.000000e+00,4/53,3.27%,RRM2;PGD;GGT1;GSTM4
prerank,Ferroptosis,-0.3177802818335775,-1.1087098994570648,3.171806e-01,4.768867e-01,1.000000e+00,9/41,14.71%,ACSL3;SAT2;VDAC2;GPX4;MAP1LC3B2;ACSL6;SLC7A11;VDAC3;SLC3A2
prerank,Ubiquinone and other terpenoid-quinone biosynthesis,0.4451377353652016,1.1074178769261207,3.132530e-01,6.243761e-01,1.000000e+00,4/11,15.10%,COQ2;COQ6;VKORC1L1;COQ3
prerank,Non-alcoholic fatty liver disease,0.25394804005133204,1.103896763599194,2.500000e-01,6.253697e-01,1.000000e+00,30/147,10.97%,IRS2;NDUFA6;UQCR10;RAC1;COX7C;NDUFB4;COX6B2;NDUFB11;COX7B;SDHD;NDUFA4;MAPK9;PIK3R2;CYC1;UQCRFS1;NDUFB10;COX6A2;UQCRC1;MAPK14;NDUFB8;INSR;CEBPA;COX5B;MLXIPL;COX6C;AKT1;NDUFB7;NDUFA12;NDUFA8;RXRA
prerank,Arachidonic acid metabolism,0.29221559592687396,1.1019237528876582,3.003663e-01,6.201802e-01,1.000000e+00,6/57,6.18%,GGT1;PRXL2B;LTC4S;CBR1;PLB1;ALOX12
prerank,Starch and sucrose metabolism,-0.33854524609462694,-1.0992966557249781,3.173913e-01,4.985231e-01,1.000000e+00,9/29,17.86%,HK2;PYGL;AGL;HK1;GANC;G6PC1;GYS1;PYGM;GYG1
prerank,Intestinal immune network for IgA production,0.3184544570666229,1.0988328219387367,3.509434e-01,6.194634e-01,1.000000e+00,16/44,24.36%,MADCAM1;ITGB7;HLA-DQA1;IL15;LTBR;HLA-DRB1;CD80;AICDA;TNFRSF13C;PIGR;HLA-DRA;CCL25;TNFSF13B;HLA-DOA;CD40;ICOSLG
prerank,Protein export,0.3542625001401773,1.0963637061620723,3.595506e-01,6.172544e-01,1.000000e+00,6/23,12.59%,OXA1L;SRP54;SPCS3;SRP72;SRP19;SEC62
prerank,Adrenergic signaling in cardiomyocytes,-0.24648825693261492,-1.0963589533964173,2.304527e-01,5.018046e-01,1.000000e+00,36/146,18.96%,ATF4;PPP2R1A;PPP1CC;CALM2;GNAI1;PRKCA;CACNB3;PPP2R5E;TPM4;CACNG2;PPP2R5C;CREB3;PRKACA;SLC8A3;MYL2;MYH7;AGTR2;ADRB2;TPM2;CAMK2D;ATP2A3;ATP1B4;ATF2;PPP2R5D;CACNG3;MAPK12;PRKACB;ATP2B3;ADCY5;PPP1R1A;CALML6;CACNB2;PRKACG;RYR2;CACNB1;PPP2CB
prerank,Natural killer cell mediated cytotoxicity,-0.2553066405671689,-1.0940259798345406,2.796610e-01,5.022834e-01,1.000000e+00,18/120,14.76%,KRAS;ULBP2;CD48;PRKCA;CD244;IFNA8;RAC3;PIK3R3;IFNAR2;ULBP3;PLCG2;RAC2;IFNA5;PRKCB;MAP2K2;KLRD1;CASP3;PPP3CB
prerank,Retinol metabolism,-0.2874618865342857,-1.0915403954592704,3.087558e-01,5.036829e-01,1.000000e+00,18/63,23.43%,UGT2B15;UGT1A4;RETSAT;CYP2W1;UGT2B4;RPE65;DGAT1;UGT1A5;DHRS9;CYP3A4;CYP2A6;UGT2A3;RDH8;UGT2B7;RDH13;UGT1A10;BCO1;RDH11
prerank,TNF signaling pathway,-0.2596504955654655,-1.0880863503237643,2.760181e-01,5.080508e-01,1.000000e+00,11/111,6.57%,ATF4;CFLAR;DNM1L;FADD;TNFAIP3;MAP2K4;ITCH;SOCS3;CASP7;CREB3;PIK3R3
prerank,Lipid and atherosclerosis,-0.23264577252641716,-1.0877658194275985,2.723404e-01,5.045133e-01,1.000000e+00,37/211,18.71%,KRAS;CDC42;ATF4;HSPA4;RAP1B;CALM2;PRKCA;MAP2K4;IFNA8;CASP7;GSK3B;PIK3R3;NOS3;TANK;BCL2L1;EIF2S1;CAMK2D;LDLR;IFNA5;POU2F1;DDIT3;BAX;IRAK1;MAPK12;CASP3;PPP3CB;NCF2;HSPA1L;CYP2A6;TICAM2;IL6;TBK1;CALML6;NFKBIA;IL18;MAP3K7;HSPA5
prerank,NOD-like receptor signaling pathway,-0.24745247519378177,-1.087024397484071,2.723005e-01,5.021012e-01,1.000000e+00,39/168,20.10%,TRPM7;SUGT1;DNM1L;FADD;PKN2;VDAC2;TNFAIP3;TXNIP;NLRP1;IFNA8;GBP7;NLRP12;STAT1;TANK;NFKBIB;CARD8;IFNAR2;BCL2L1;GBP5;ERBIN;VDAC3;IFNA5;IFI16;PYDC1;MAPK12;MFN2;TP53BP1;BRCC3;DEFA5;IL6;TBK1;ITPR2;NFKBIA;IL18;MAP3K7;STAT2;SHARPIN;TRAF6;OAS2
prerank,Cytosolic DNA-sensing pathway,-0.2890645358727566,-1.0860768419611746,3.277311e-01,5.001795e-01,1.000000e+00,9/59,8.45%,POLR1C;POLR3H;CCL4;POLR2E;POLR3E;IFNA8;NFKBIB;POLR1D;POLR3C
prerank,Colorectal cancer,-0.2652282628702466,-1.0834745332944467,3.260870e-01,5.023149e-01,1.000000e+00,7/86,6.57%,KRAS;CCND1;RPS6KB1;GSK3B;MSH2;RAC3;PIK3R3
prerank,Alzheimer disease,0.2255609908588453,1.0829585940663755,2.583026e-01,6.492937e-01,1.000000e+00,66/346,13.56%,IRS2;PSMB5;ATP2A2;PSMD11;PSMB4;NDUFA6;PSMA3;UQCR10;PSMA4;PSMD14;COX7C;ATP5F1A;PSMD1;ATP5PB;NDUFB4;COX6B2;NDUFB11;COX7B;SDHD;WNT7A;NDUFA4;ATP5F1E;MAPK9;PSMA5;PPIF;PIK3R2;TUBB4A;CYC1;WNT1;PSMC1;PSMA2;UQCRFS1;NDUFB10;ATG2B;CHRM1;COX6A2;UQCRC1;TUBB;NDUFB8;INSR;CALML4;COX5B;PSMA1;APOE;HSD17B10;COX6C;WIPI2;PSMB2;AKT1;NDUFB7;PSMD13;WNT10A;LRP1;ULK1;PSMD6;NDUFA12;NDUFA8;NAE1;WNT4;LRP6;MAPK3;APP;CACNA1S;FRAT1;PSMB1;CSNK1A1L
prerank,Cysteine and methionine metabolism,-0.29901322369618916,-1.0807979167307693,3.288288e-01,5.043037e-01,1.000000e+00,9/49,13.33%,MAT2A;AMD1;GOT2;MDH1;AHCY;PSAT1;IL4I1;KYAT3;CDO1
prerank,Phospholipase D signaling pathway,0.24753116680244694,1.0807465017468285,2.683824e-01,6.461792e-01,1.000000e+00,36/143,20.53%,GRB2;PTPN11;EGFR;ARF1;GAB1;SOS1;RHOA;PDGFRB;DNM2;GNA13;AGPAT1;PLPP2;PIK3R2;AVPR1A;INSR;LPAR5;AKT1;PDGFB;MAPK3;DGKQ;GNA12;SHC2;SYK;AKT3;PIK3CA;ADCY9;NRAS;AGPAT2;RRAS2;ADCY7;KITLG;PIP5K1C;PDGFA;RRAS;AGTR1;AGPAT5
prerank,Glutamatergic synapse,-0.2549845449307362,-1.074711433984917,2.946058e-01,5.153942e-01,1.000000e+00,24/110,19.03%,GNAI1;PRKCA;GRIN3A;GNG3;GNB4;GNG13;PLA2G4D;SLC17A6;PRKACA;GLUL;GRIK1;DLG4;GRM5;PRKCB;GRM8;PRKACB;HOMER3;GNG2;PPP3CB;ADCY5;SHANK1;ITPR2;PRKACG;HOMER1
prerank,HIF-1 signaling pathway,0.25805924847174355,1.0744512917495614,2.973978e-01,6.575245e-01,1.000000e+00,18/108,10.17%,EGFR;TFRC;ELOC;IGF1R;RBX1;BCL2;RPS6;PFKP;EIF4E;PIK3R2;PDHB;PFKFB3;INSR;SLC2A1;ERBB2;EGLN3;AKT1;LTBR
prerank,Arginine and proline metabolism,-0.3030449917658109,-1.0722926516067421,3.455285e-01,5.174780e-01,1.000000e+00,11/48,15.84%,AMD1;SAT2;P4HA3;GOT2;PRODH2;NOS3;AZIN2;AGMAT;NOS2;ALDH1B1;PYCR1
prerank,Galactose metabolism,-0.33354260043180384,-1.0688567308072925,3.375527e-01,5.226433e-01,1.000000e+00,8/30,15.96%,AKR1B1;HK2;B4GALT1;LALBA;HK1;GLA;GANC;G6PC1
prerank,Fructose and mannose metabolism,-0.31553246368069915,-1.0681596624290173,3.583333e-01,5.199225e-01,1.000000e+00,5/33,3.84%,ALDOA;ALDOC;AKR1B1;HK2;TPI1
prerank,"Parathyroid hormone synthesis, secretion and action",0.26221999359200976,1.0635224234888805,3.384030e-01,6.839903e-01,1.000000e+00,28/105,20.29%,EGFR;BCL2;RHOA;MAFB;GNA13;KL;FGFR1;SP1;RXRA;MMP15;GNAI3;MMP16;GNAI2;SLC34A2;PTH1R;LRP6;MAPK3;GNA12;ATF6B;GCM1;CREB5;ADCY9;SLC34A3;HBEGF;ADCY7;GATA3;FGF23;ARAF
prerank,Other glycan degradation,0.3794818274899411,1.0609357398255101,3.714286e-01,6.822971e-01,1.000000e+00,8/17,23.42%,MAN2C1;HEXD;HEXA;MANBA;NEU4;NEU2;AGA;FUCA1
prerank,Rap1 signaling pathway,-0.23337765113683087,-1.058602743355188,3.173913e-01,5.403721e-01,1.000000e+00,29/208,13.97%,KRAS;CDC42;RAP1B;CALM2;GNAI1;PRKCA;TLN1;ACTG1;FGF3;CTNND1;PDGFRA;RAC3;PARD6B;EFNA5;PIK3R3;PARD3;ID1;PRKD1;RAPGEF2;CRKL;FGF9;RAC2;ENAH;LPAR3;PRKCB;RALA;ADORA2B;MAP2K2;MAPK12
prerank,Human T-cell leukemia virus 1 infection,0.23245066056902483,1.0576285060689958,3.239437e-01,6.833862e-01,1.000000e+00,48/214,16.65%,BUB3;MYC;TRRAP;ANAPC2;CDC16;CCND2;FDPS;ANAPC5;HLA-B;CDKN2A;E2F3;CRTC3;CDC20;KAT2B;HLA-DQA1;MAPK9;MSX2;CHEK1;PIK3R2;KAT2A;NRP1;ETS2;IL15;ANAPC10;CDKN2B;SLC2A1;AKT1;ETS1;NFATC3;LTBR;CCNE1;ITGB2;HLA-A;HLA-DRB1;MAPK3;SMAD2;TGFBR2;TBP;AKT3;PIK3CA;CD4;ATF6B;TNFRSF13C;CREB5;SPI1;CCNE2;ADCY9;NRAS
prerank,Salmonella infection,-0.22669940551874335,-1.0505305817393338,3.318386e-01,5.561910e-01,1.000000e+00,34/242,10.20%,DYNLL1;CDC42;ACTR1A;DCTN6;FADD;TUBA1B;DYNLRB1;DCTN5;DYNC2LI1;PTPRC;DYNLT1;MAP2K4;MYO6;ACTG1;DYNLRB2;BRK1;S100A10;NCKAP1L;TUBA1A;CASP7;RAB5B;ACTR10;RHOJ;MYL7;PIK3C3;TUBB4B;KLC3;KPNA4;VPS41;TUBB3;CSE1L;ARL8B;MYL2;RPS3
prerank,Endocytosis,0.22252189106398398,1.0438668560924074,3.041958e-01,7.178825e-01,1.000000e+00,43/243,15.62%,CHMP4B;EGFR;ARF1;TFRC;HGS;FOLR2;HLA-B;IGF1R;VPS29;VPS35;RHOA;RAB7A;RBSN;DNM2;VPS37A;RAB10;AP2A2;ARPC2;IQSEC2;RUFY2;AGAP3;VPS4A;CHMP1B;ARFGEF2;USP8;AGAP6;RAB11B;AGAP5;RAB11FIP5;WASHC2C;RAB22A;GIT2;HLA-A;HSPA6;SMAD2;TGFBR2;CAV1;IQSEC1;EHD4;HSPA8;WIPF2;LDLRAP1;ASAP2
prerank,Type I diabetes mellitus,0.3002794469136783,1.0433091812184874,3.478261e-01,7.091488e-01,1.000000e+00,18/41,33.48%,HLA-B;HLA-DQA1;PRF1;GZMB;HLA-A;HLA-DRB1;CD80;PTPRN2;HLA-DRA;PTPRN;HLA-DOA;HSPD1;IL12B;HLA-G;FASLG;INS;GAD2;IFNG
prerank,Phagosome,0.23779705165484447,1.042818994653643,3.481481e-01,7.002553e-01,1.000000e+00,37/144,18.78%,TFRC;ATP6V1F;HGS;STX18;HLA-B;RAC1;RAB7A;TAP1;CD14;HLA-DQA1;ATP6V0C;ITGB1;DYNC1H1;ATP6V0E1;TUBB4A;ATP6V0D1;FCGR1A;TUBB;COMP;RILP;DYNC1LI2;ITGB2;HLA-A;ITGB5;HLA-DRB1;DYNC1I2;PLA2R1;FCGR2B;CLEC7A;FCGR3B;CYBB;THBS2;FCAR;SFTPD;CORO1A;SEC61A2;HLA-DRA
prerank,Neuroactive ligand-receptor interaction,0.2153858701571677,1.0399105650981295,3.370370e-01,6.992055e-01,1.000000e+00,110/333,28.58%,SCT;DRD2;ADRA1D;PTGER4;NTSR1;OXTR;MLNR;POMC;GABRR2;NR3C1;UCN;F2RL3;INSL3;ADRB3;NPBWR1;GH1;GABBR2;CCKBR;RXFP3;CHRM1;HCRTR2;PTH2;OXT;AVPR1A;OPRD1;GALR2;SCTR;GCG;P2RX7;TBXA2R;P2RY1;THRB;HCRT;GH2;GRIK4;MC3R;GCGR;PTH1R;SSTR4;S1PR1;HTR1D;GHSR;EDNRB;ADORA1;PTGER1;NTSR2;EDN3;PRLH;NMBR;GRIA3;MLN;CHRNB4;LHCGR;RLN1;TRPV1;MC1R;CHRNB2;GLRB;HTR4;CALCB;S1PR3;DRD4;LHB;HRH2;HRH1;ADRA1B;NPBWR2;PYY;KNG1;PRLHR;PTGIR;ADM;AGTR1;PTGER3;EDN1;EDN2;APLN;LPAR4;GABRR1;GRIN1;CHRNA3;SSTR3;GRP;UTS2R;CNR1;GALR3;P2RY4;CHRNA10;P2RX6;GABRD;GRM7;AVP;HTR6;GLP1R;HRH4;NPY5R;GABRB1;NMB;GALR1;CRHR2;CHRNB3;HTR1E;SST;GRIK2;C3;GABRE;ADCYAP1;GLRA3;DRD5;F2RL2
prerank,Hypertrophic cardiomyopathy,-0.2516850614511202,-1.03547418866803,3.438735e-01,5.932390e-01,1.000000e+00,18/90,13.17%,PRKAG2;PRKAG1;CACNB3;ACTG1;LMNA;TPM4;CACNG2;ITGA1;ITGA6;ITGA10;SLC8A3;MYL2;MYH7;SGCB;ITGA2;TPM2;ATP2A3;CACNG3
prerank,Allograft rejection,0.3109157560037053,1.034628431732044,4.417671e-01,7.060893e-01,1.000000e+00,14/35,30.38%,HLA-B;HLA-DQA1;PRF1;GZMB;HLA-A;HLA-DRB1;CD80;HLA-DRA;HLA-DOA;CD40;IL12B;CD40LG;HLA-G;FASLG
prerank,Glyoxylate and dicarboxylate metabolism,0.32052217935739047,1.032621275545627,4.143426e-01,7.020044e-01,1.000000e+00,10/30,24.09%,ACO2;PGP;ACSS2;PCCB;AMT;ACO1;HAO1;HAO2;GLDC;AGXT
prerank,Bacterial invasion of epithelial cells,0.2704322219924201,1.0323935722729924,3.639847e-01,6.927929e-01,1.000000e+00,17/75,14.51%,GAB1;RAC1;RHOA;DNM2;ITGB1;PTK2;PXN;PIK3R2;ARPC2;ARHGEF26;SEPTIN3;RHOG;FN1;ELMO3;SHC2;CAV1;PIK3CA
prerank,Protein processing in endoplasmic reticulum,0.23271153995726956,1.030208317509369,3.888889e-01,6.892267e-01,1.000000e+00,41/165,19.06%,VCP;SEC13;DERL2;RBX1;UFD1;SEC23B;BCL2;SSR1;NGLY1;SSR3;SEL1L;DNAJB12;MAPK9;DNAJC5;DDOST;STT3A;SYVN1;HSPBP1;EDEM3;RPN1;RPN2;PLAA;ERO1B;HSPA6;SEC62;ERP29;CRYAA;MARCHF6;SAR1B;TRAM1;NPLOC4;HSPA8;ATF6B;LMAN1L;UBE2J1;TXNDC5;SEC61A2;DNAJB11;SEC31B;EDEM1;SAR1A
prerank,Fc gamma R-mediated phagocytosis,-0.25585644880479913,-1.0291158702502095,3.924528e-01,6.056791e-01,1.000000e+00,16/93,12.40%,CDC42;PTPRC;SCIN;CFL1;PRKCA;PIP5K1A;RPS6KB1;PIP5K1B;PIK3R3;PLA2G4D;PLCG2;CRKL;FCGR2A;PLPP1;RAC2;PRKCB
prerank,Hippo signaling pathway,0.23863174652504612,1.0254091568717996,4.275362e-01,6.957726e-01,1.000000e+00,35/160,17.85%,MYC;SOX2;CCND2;CRB2;YWHAZ;WNT7A;BIRC5;DCHS1;WNT1;GDF7;BMP2;WTIP;GDF6;YAP1;WNT10A;ITGB2;DCHS2;TEAD4;PPP1CB;WNT4;SMAD2;BMP7;TGFBR2;FGF1;NKD2;RASSF6;NKD1;APC2;FZD1;AMH;LATS2;SMAD7;CCN2;LIMD1;SMAD3
prerank,Shigellosis,-0.2181547495456555,-1.0161065142413754,3.666667e-01,6.376936e-01,1.000000e+00,58/234,19.80%,UBE2D3;CDC42;FOXO3;RPS27A;PIK3R4;HK2;TLN1;GLMN;RPS6KB1;UBE2D1;ACTG1;ARHGEF2;GSK3B;FBXW11;CAST;U2AF1;MYL7;DIAPH1;PIK3C3;PIK3R3;CTTN;NFKBIB;H3C1;HK1;MDM2;BCL2L1;MYL2;RRAGC;PLCG2;UBE2D4;H3C12;CRKL;BTRC;FNBP1L;RRAGB;SEPTIN2;BAX;MAPK12;CAPN1;MYL12A;BNIP3;WASF2;UBE2V1;MYL12B;H3-3B;ARPC5;TBK1;SQSTM1;ITPR2;PLCZ1;CAPNS1;NFKBIA;IL18;MAP3K7;SHARPIN;ARPC3;UBB;TRAF6
prerank,Arginine biosynthesis,-0.34239780966818056,-1.0062040562314782,4.759825e-01,6.602488e-01,1.000000e+00,11/21,32.74%,GOT2;NOS3;GLUL;ASL;NOS2;CPS1;GLUD1;ARG2;GLS2;GOT1;GOT1L1
prerank,Cell adhesion molecules,0.22947602028284875,1.0014603188005047,4.363636e-01,7.638422e-01,1.000000e+00,41/139,26.66%,HLA-B;CLDN4;MADCAM1;ITGB7;HLA-DQA1;ITGB1;NECTIN1;ESAM;SDC1;ITGB8;CADM1;CLDN7;CLDN22;ITGB2;NTNG1;HLA-A;CLDN25;HLA-DRB1;CD80;PTPRF;JAM3;CD4;CLDN9;IGSF11;NLGN1;F11R;HLA-DRA;CLDN2;LRRC4B;CD2;HLA-DOA;CLDN3;CD40;SPN;ICOSLG;SDC3;ITGA8;SDC4;CDH4;CD99L2;CD40LG
prerank,Pentose phosphate pathway,-0.3051803224439733,-1.0010154348568616,4.419643e-01,6.705038e-01,1.000000e+00,3/30,2.14%,ALDOA;ALDOC;PRPS2
prerank,Glycerophospholipid metabolism,0.24369993490433803,0.9989603504390907,4.832714e-01,7.617777e-01,1.000000e+00,17/93,19.13%,ETNK1;PTDSS1;PLB1;AGPAT1;PTDSS2;PLPP2;SELENOI;PNPLA6;GPAT3;PLA1A;CHKB;DGKQ;AGPAT2;GPD1;GPAT2;GNPAT;PLA2G15
prerank,Wnt signaling pathway,0.22835851129073492,0.9965329813258145,4.632353e-01,7.590116e-01,1.000000e+00,33/162,17.85%,MYC;RUVBL1;CCND2;SIAH1;RBX1;RAC1;RHOA;ROCK2;WNT7A;MAPK9;BAMBI;WNT1;SERPINF1;GPC4;SFRP5;NFATC3;WNT10A;WNT4;LRP6;SOX17;CHD8;FRAT1;CSNK1A1L;CTNND2;NKD2;RNF43;NKD1;APC2;FZD1;SFRP1;SFRP4;EP300;SMAD3
prerank,Pentose and glucuronate interconversions,-0.30125172047460436,-0.9961392895214872,4.349776e-01,6.800200e-01,1.000000e+00,7/30,10.80%,AKR1B1;UGT2B15;UGT1A4;UGT2B4;DCXR;RPE;UGT1A5
prerank,MAPK signaling pathway,-0.2111868258475743,-0.9957378444916576,4.732143e-01,6.759397e-01,1.000000e+00,43/288,14.76%,KRAS;CDC42;ATF4;NF1;RAP1B;NR4A1;PRKCA;CACNB3;RASA1;MAP2K4;RPS6KA3;LAMTOR3;SRF;FGF3;DUSP4;CACNG2;PDGFRA;RAC3;DAXX;MKNK1;EFNA5;PPM1A;RASA2;PLA2G4D;PRKACA;RAPGEF2;CRKL;FGF9;RAC2;RASGRP4;PRKCB;MAP3K1;ATF2;CACNG3;MAP3K12;DDIT3;IRAK1;MAP2K2;MAPK12;FLT3LG;PRKACB;CASP3;PPP3CB
prerank,Estrogen signaling pathway,0.23557270740243358,0.9941530269439999,5.098814e-01,7.565266e-01,1.000000e+00,33/134,16.65%,GRB2;EGFR;KRT16;SOS1;BCL2;POMC;KCNJ9;CTSD;PIK3R2;GABBR2;TGFA;CALML4;NCOA2;AKT1;ESR1;SP1;KRT31;PRKCD;GNAI3;GNAI2;HSPA6;MAPK3;KRT27;KRT18;SHC2;AKT3;PIK3CA;HSPA8;ATF6B;CREB5;KCNJ5;ADCY9;NRAS
prerank,Neutrophil extracellular trap formation,-0.21797372182210442,-0.9916461393034423,4.147465e-01,6.840289e-01,1.000000e+00,36/167,16.22%,PRKCA;H2BC13;VDAC2;H2AC12;H2BC5;H2BC18;ACTG1;H2BC14;HDAC3;CLCN5;PIK3R3;H3C1;HDAC4;H2AC21;H2BC21;PLCG2;FPR2;H2BC11;H4C1;HDAC7;H3C12;FCGR2A;RAC2;H4C4;VDAC3;PRKCB;H4C3;AQP9;H2BC9;MAP2K2;MAPK12;NCF2;H2BC4;H2AZ1;H2BC3;H3-3B
prerank,Sulfur metabolism,-0.4053569411865753,-0.9889674099948688,4.583333e-01,6.871112e-01,1.000000e+00,2/10,4.98%,SELENBP1;SQOR
prerank,Aldosterone synthesis and secretion,-0.24042084639675873,-0.987011494298008,4.646018e-01,6.880142e-01,1.000000e+00,21/97,18.21%,ATF4;NR4A1;CALM2;PRKCA;DAGLB;CREB3;PRKD1;PRKACA;CAMK1G;CAMK2D;LDLR;PRKCB;ATP1B4;ATF2;PRKACB;PDE2A;ATP2B3;ADCY5;ITPR2;CALML6;PRKACG
prerank,"Alanine, aspartate and glutamate metabolism",0.28802970907246345,0.9868702177076267,4.666667e-01,7.705651e-01,1.000000e+00,2/37,0.23%,PPAT;ADSL
prerank,Calcium signaling pathway,0.21468258203936744,0.9846330856002316,5.124555e-01,7.682775e-01,1.000000e+00,66/235,25.29%,EGFR;ATP2A2;ASPH;ADRA1D;FGF2;NTSR1;OXTR;PDGFRB;ADRB3;PPIF;VEGFD;FGF22;CCKBR;CACNA1H;ERBB3;CHRM1;AVPR1A;CALML4;ERBB2;FGFR1;P2RX7;TBXA2R;ATP2B1;PDGFB;CACNA1S;EDNRB;PTGER1;FGF1;VEGFB;ITPKB;TRDN;LHCGR;ORAI2;TNNC2;ADCY9;HTR4;ADCY7;HRH2;HRH1;ATP2B4;ADRA1B;MCU;FGF23;PDGFA;AGTR1;TPCN1;CALML5;NOS1;PTGER3;SLC8A2;CASQ1;CACNA1G;KDR;CALML3;GRIN1;PRKCG;VDAC1;CACNA1D;CACNA1A;SPHK1;GNA14;VEGFC;NTRK3;P2RX6;VEGFA;GNAS
prerank,C-type lectin receptor signaling pathway,-0.2370177409186468,-0.9817993464546109,4.743590e-01,6.990270e-01,1.000000e+00,2/103,1.97%,KRAS;CALM2
prerank,Purine metabolism,0.23011522255210823,0.9805350009844245,5.115385e-01,7.712381e-01,1.000000e+00,22/127,18.37%,GUK1;RRM2;PPAT;ADSL;ATIC;NUDT16;PAICS;PFAS;PRPS1L1;ADSS2;PAPSS1;NME4;NME3;GUCY2F;AK2;IMPDH1;AK3;ADCY9;AMPD3;PGM1;GART;ADCY7
prerank,Autoimmune thyroid disease,0.2770262639946155,0.9795946054384589,4.591440e-01,7.648698e-01,1.000000e+00,9/49,12.83%,HLA-B;HLA-DQA1;PRF1;TPO;GZMB;IFNA21;HLA-A;HLA-DRB1;CD80
prerank,SNARE interactions in vesicular transport,-0.30151008912248456,-0.9771759613890687,4.757709e-01,7.080236e-01,1.000000e+00,11/32,18.05%,VTI1B;STX5;BET1;STX3;SNAP23;STX6;STX8;VAMP8;VAMP7;VAMP3;GOSR1
prerank,Ras signaling pathway,-0.20661101157825001,-0.9692575990837058,5.225225e-01,7.257246e-01,1.000000e+00,40/227,17.38%,KRAS;CDC42;NF1;RAP1B;CALM2;PRKCA;BRAP;RASA1;FGF3;RAB5B;PDGFRA;RAC3;GNG3;EFNA5;GNB4;PIK3R3;GNG13;RASA2;PLA2G4D;PRKACA;BCL2L1;PLCG2;PAK6;FGF9;RAC2;RASGRP4;PRKCB;RALA;MAP2K2;FLT3LG;PRKACB;GNG2;EFNA1;GAB2;RASSF5;PLA2G12B;TBK1;PLA2G1B;RAB5A;CALML6
prerank,Fatty acid elongation,0.31115417309051396,0.9632711250239089,5.263158e-01,8.070760e-01,1.000000e+00,2/27,1.49%,HSD17B12;ACOT1
prerank,Lysine degradation,-0.25019933388802046,-0.9630769270489784,5.117188e-01,7.381787e-01,1.000000e+00,17/63,21.16%,KMT5B;KMT5A;EZH1;COLGALT2;SETD1A;SMYD1;ASH1L;PRDM9;DLD;SUV39H2;SETMAR;SMYD2;ALDH1B1;SUV39H1;PIPOX;AADAT;KMT2B
prerank,Ovarian steroidogenesis,0.2680206291858215,0.9616580980965447,5.223881e-01,8.028294e-01,1.000000e+00,13/50,22.10%,IGF1R;ACOT1;HSD17B7;CYP1B1;INSR;ACOT2;LHCGR;ADCY9;LHB;ADCY7;PTGS2;HSD3B1;HSD3B2
prerank,Viral myocarditis,-0.25835969390809177,-0.9601793797802944,5.387755e-01,7.414261e-01,1.000000e+00,12/57,14.59%,CCND1;CXADR;ACTG1;CD55;RAC3;HLA-DMA;EIF4G3;MYH7;SGCB;RAC2;CD86;CASP3
prerank,Phosphatidylinositol signaling system,-0.23801097088250284,-0.959502651412279,5.307018e-01,7.383927e-01,1.000000e+00,20/94,17.80%,PTEN;CALM2;PRKCA;PIP5K1A;PIP5K1B;PIK3C3;PIK3R3;PLCG2;MTM1;ITPKC;PIP4K2A;PRKCB;MTMR8;PPIP5K2;DGKA;PIP4K2B;ITPR2;PIP4P1;CALML6;PLCZ1
prerank,Pathogenic Escherichia coli infection,0.21131214250998523,0.9586398606073809,5.547445e-01,8.031740e-01,1.000000e+00,23/188,11.04%,PTPN11;ARF1;TMED10;PAK2;RAB1A;RAC1;CLDN4;RHOA;ROCK2;GNA13;ITGB1;MAPK9;TUBB4A;ARPC2;TUBB;MAPK14;TIRAP;LPAR5;MYO1H;CLDN7;CLDN22;MYO10;NLRP3
prerank,Type II diabetes mellitus,0.2726422819635692,0.9571608836554392,5.061224e-01,7.981698e-01,1.000000e+00,9/46,14.51%,IRS2;MAPK9;PIK3R2;INSR;PRKCD;PRKCE;MAPK3;ADIPOQ;PIK3CA
prerank,Thiamine metabolism,-0.35015453622916115,-0.9556993113274779,5.200000e-01,7.456079e-01,1.000000e+00,3/15,9.09%,AK1;AK4;NFS1
prerank,Gastric acid secretion,-0.2470516251715354,-0.9549305964261318,5.688889e-01,7.424233e-01,1.000000e+00,19/76,18.55%,CALM2;GNAI1;PRKCA;ACTG1;MYLK2;PRKACA;KCNJ15;CAMK2D;CFTR;PRKCB;ATP1B4;SLC26A7;PRKACB;MYLK3;ADCY5;ITPR2;CALML6;PRKACG;KCNJ16
prerank,Dilated cardiomyopathy,-0.23002661563887905,-0.9514438932413684,5.121951e-01,7.473472e-01,1.000000e+00,23/95,18.81%,CACNB3;ACTG1;LMNA;TPM4;CACNG2;ITGA1;ITGA6;ITGA10;PRKACA;SLC8A3;MYL2;MYH7;SGCB;ITGA2;TPM2;ATP2A3;CACNG3;PRKACB;ADCY5;CACNB2;PRKACG;RYR2;CACNB1
prerank,cGMP-PKG signaling pathway,0.21477165986321603,0.9503861005411943,5.698113e-01,8.102159e-01,1.000000e+00,33/164,16.44%,IRS2;ATP2A2;ATP1A1;RHOA;ROCK2;ADRA1D;GNA13;ADRB3;PPIF;KCNMA1;OPRD1;INSR;CALML4;AKT1;ATP2B1;GATA4;NFATC3;NPPC;GNAI3;GNAI2;PRKCE;PPP1CB;MAPK3;CACNA1S;GNA12;EDNRB;ADORA1;MYH6;AKT3;ATF6B;CREB5;GTF2IRD1;ADCY9
prerank,Thyroid hormone synthesis,-0.2393355566352407,-0.9488090706698591,6.000000e-01,7.501464e-01,1.000000e+00,16/75,18.71%,ATF4;PRKCA;CREB3;GSR;PRKACA;IYD;GPX8;PRKCB;TTF1;ATP1B4;ATF2;PRKACB;ADCY5;ITPR2;PRKACG;HSPA5
prerank,Yersinia infection,0.2199590502874538,0.9469165835264263,5.795455e-01,8.110071e-01,1.000000e+00,25/133,15.13%,ARHGEF7;RAC1;RHOA;ROCK2;LIMK1;ITGB1;MAPK9;PTK2;PXN;PIK3R2;ARPC2;MAPK14;RHOG;AKT1;NFATC3;MAP2K6;NLRP3;GIT2;FN1;MAPK3;IRAK4;AKT3;PIK3CA;CD4;WIPF2
prerank,Platelet activation,-0.22483787796383847,-0.9454010043126663,5.688073e-01,7.550916e-01,1.000000e+00,28/121,20.18%,PPP1R12A;RAP1B;PPP1CC;GNAI1;TLN1;ACTG1;SNAP23;PIK3R3;NOS3;PLA2G4D;MYLK2;PRKACA;PLCG2;FCGR2A;ITGA2;TBXAS1;MAPK12;MYL12A;PRKACB;MYLK3;VAMP8;ADCY5;MYL12B;ITPR2;PRKACG;GUCY1A1;APBB1IP;PIK3R5
prerank,Systemic lupus erythematosus,-0.22038312387996256,-0.9450447332361771,5.491071e-01,7.508979e-01,1.000000e+00,30/110,20.17%,H2BC13;H2AC12;H2BC5;H2BC18;H2BC14;HLA-DMA;SSB;H3C1;H2AC21;RO60;H2BC21;C9;H2BC11;H4C1;H3C12;FCGR2A;H4C4;H4C3;H2BC9;CD86;C1QB;H2BC4;H2AZ1;H2BC3;H3-3B;CTSG;H2AC4;H2AC20;HLA-DOB;H2AC7
prerank,Leukocyte transendothelial migration,-0.21846291281930827,-0.9437854511287329,5.932203e-01,7.494289e-01,1.000000e+00,24/109,16.49%,CDC42;CTNNA2;RAP1B;GNAI1;PRKCA;CLDN5;ACTG1;CTNND1;MYL7;OCLN;PIK3R3;MYL2;CTNNA1;PLCG2;CLDN19;JAM2;RAC2;PRKCB;MAPK12;MYL12A;NCF2;CLDN10;MYL12B;RASSF5
prerank,Osteoclast differentiation,0.2218185598867008,0.9333351009374824,6.068702e-01,8.431639e-01,1.000000e+00,21/123,17.31%,GRB2;RAC1;MAPK9;PIK3R2;FCGR1A;FOSL2;MAPK14;AKT1;MAP2K6;MITF;MAPK3;TGFBR2;FCGR2B;LILRA1;SYK;AKT3;PIK3CA;PPARG;SPI1;FCGR3B;TYROBP
prerank,Histidine metabolism,0.32280506167216483,0.9323036765755627,5.720165e-01,8.367614e-01,1.000000e+00,4/21,9.54%,CNDP1;AOC1;FTCD;HDC
prerank,Inositol phosphate metabolism,-0.2378743870468689,-0.9305509746721671,5.702811e-01,7.819621e-01,1.000000e+00,10/71,11.22%,PTEN;PIP5K1A;ISYNA1;TPI1;PIP5K1B;PIK3C3;PLCG2;MTM1;ITPKC;PIP4K2A
prerank,Maturity onset diabetes of the young,0.2987130353443401,0.9252791458815834,5.703422e-01,8.487880e-01,1.000000e+00,5/26,10.15%,NEUROD1;HNF4A;HES1;BHLHA15;HNF1A
prerank,Cushing syndrome,0.2114048188522089,0.9234796522720989,6.690141e-01,8.447814e-01,1.000000e+00,31/154,16.44%,EGFR;WDR5;CDK6;RBBP5;CDKN2A;E2F3;AHR;POMC;WNT7A;KCNK3;WNT1;CACNA1H;CDKN2B;USP8;SP1;WNT10A;CCNE1;GNAI3;GNAI2;WNT4;MAPK3;CACNA1S;RASD1;MEN1;KMT2D;ATF6B;APC2;FZD1;CREB5;CCNE2;ADCY9
prerank,Folate biosynthesis,0.3038296069043804,0.917315497362918,5.992509e-01,8.544106e-01,1.000000e+00,3/26,3.21%,DHFR;FPGS;CBR1
prerank,Vascular smooth muscle contraction,0.21603340580341682,0.9139306943100749,6.705426e-01,8.549985e-01,1.000000e+00,41/130,25.75%,RHOA;ROCK2;ADRA1D;GNA13;KCNMA1;PRKCQ;PPP1R12B;AVPR1A;CALML4;NPPC;PRKCD;ACTG2;PRKCE;PPP1CB;MAPK3;CACNA1S;GNA12;EDN3;ADCY9;CALCB;PPP1R12C;MYL6;ADCY7;RAMP3;ADRA1B;MYH10;PTGIR;ARAF;ADM;AGTR1;CALML5;EDN1;EDN2;CALML3;KCNMB1;PRKCG;IRAG1;CACNA1D;GNAS;AVP;MYH11
prerank,Glycerolipid metabolism,-0.24739185918911732,-0.9112884865919882,6.101695e-01,8.304530e-01,1.000000e+00,12/59,15.70%,AKR1B1;GK;DGAT1;PLPP5;LPIN1;PLPP1;MOGAT2;GLA;GPAM;GK2;DGKA;ALDH1B1
prerank,Drug metabolism,0.22024030357560143,0.9102344148556346,6.617647e-01,8.565629e-01,1.000000e+00,19/99,18.65%,DUT;RRM2;CMPK1;GSTM4;TK1;UGT2B17;UGT1A1;NME4;NME3;CYP1A2;ADH1A;GSTM1;UMPS;IMPDH1;DPYD;UPP2;HPGDS;GUSB;DPYS
prerank,Primary bile acid biosynthesis,-0.32387103409414675,-0.9020595865692731,5.958333e-01,8.498034e-01,1.000000e+00,2/17,2.82%,HSD17B4;SCP2
prerank,Metabolism of xenobiotics by cytochrome P450,-0.23432999341022204,-0.8993812198345863,6.566524e-01,8.514794e-01,1.000000e+00,20/66,22.89%,UGT2B15;UGT1A4;CBR3;UGT2B4;HSD11B1;GSTP1;CYP2D6;UGT1A5;SULT2A1;CYP2A13;GSTO1;CYP3A4;CYP2A6;UGT2A3;GSTM3;UGT2B7;MGST3;UGT1A10;GSTO2;AKR7A2
prerank,Cortisol synthesis and secretion,-0.23326775208618158,-0.8973214882658884,6.738197e-01,8.516132e-01,1.000000e+00,16/64,23.37%,ATF4;NR4A1;KCNA4;CREB3;PRKACA;LDLR;ATF2;PRKACB;ADCY5;PDE8A;ITPR2;PRKACG;CREB3L2;CREB3L3;MC2R;MRAP
prerank,Adipocytokine signaling pathway,-0.22940009940772899,-0.8869601789731174,6.751055e-01,8.736153e-01,1.000000e+00,9/69,7.18%,ACSL3;PRKAG2;PRKAG1;SOCS3;NFKBIE;LEP;LEPR;STK11;NFKBIB
prerank,Viral protein interaction with cytokine and cytokine receptor,-0.21533931395216088,-0.8825105710860125,7.336245e-01,8.796539e-01,1.000000e+00,28/97,28.66%,CCL4;CCL21;IL6ST;PF4;IL37;CCL14;CCR5;IL6R;PF4V1;CCL18;IL10RB;CX3CR1;CXCR2;IL2RA;IL6;IL18;CCR6;IL18RAP;CXCR1;IL18R1;CCR2;TNFRSF1B;CCR7;CCL13;CCR4;TNF;CXCL8;CXCL13
prerank,Tryptophan metabolism,-0.25592525271139976,-0.8784137395159136,6.791667e-01,8.854634e-01,1.000000e+00,9/40,19.72%,DDC;TPH2;IL4I1;TPH1;DLD;KYAT3;ALDH1B1;TDO2;AADAT
prerank,Sphingolipid metabolism,0.24704246111436007,0.8715412814525835,7.015504e-01,9.541099e-01,1.000000e+00,14/48,22.11%,UGCG;PLPP2;SGPL1;SPTLC2;SMPD1;NEU4;CERS4;ACER2;SGMS2;NEU2;SPTLC1;ASAH2;CERS2;CERS1
prerank,Fluid shear stress and atherosclerosis,0.2068660934050182,0.8662903025608553,7.630522e-01,9.579564e-01,1.000000e+00,23/135,14.51%,RAC1;BCL2;RHOA;TXN;GSTM4;SUMO2;ACVR2B;MAPK9;PTK2;PIK3R2;KLF2;MAPK14;SDC1;CALML4;AKT1;MAP2K6;KEAP1;PDGFB;NPPC;CAV1;GSTM1;AKT3;PIK3CA
prerank,cAMP signaling pathway,0.19167062167883384,0.8595568399465092,8.321168e-01,9.655895e-01,1.000000e+00,68/215,27.59%,ATP2A2;RAC1;ATP1A1;RHOA;ROCK2;DRD2;OXTR;POMC;MAPK9;HCN2;PIK3R2;GABBR2;SLC9A1;CHRM1;OXT;CALML4;GCG;AKT1;ATP2B1;GNAI3;GNAI2;PPP1CB;MAPK3;HTR1D;TNNI3;GHSR;CACNA1S;ADORA1;AKT3;EDN3;PIK3CA;GRIA3;AMH;CREB5;LHCGR;ADCY9;HCN4;HTR4;EP300;RRAS2;LHB;ADCY7;ATP2B4;RRAS;ARAP3;CALML5;PTGER3;EDN1;EDN2;CNGA3;PDE3A;CALML3;GRIN1;CNGA4;ATP1A2;RAPGEF4;CACNA1D;GNAS;AFDN;HTR6;GLP1R;GPR119;PIK3CB;NPPA;PLN;HTR1E;SST;HCAR3
prerank,Insulin secretion,-0.21351418732765062,-0.8588309574930947,7.424893e-01,9.284344e-01,1.000000e+00,16/86,18.69%,ATF4;PRKCA;CREB3;PDX1;KCNN2;PRKACA;KCNN3;CAMK2D;PRKCB;ATP1B4;ATF2;PRKACB;ADCY5;PCLO;PRKACG;RYR2
prerank,Tyrosine metabolism,-0.25355324197641094,-0.8518705479755112,6.904762e-01,9.391137e-01,1.000000e+00,6/33,13.56%,GOT2;DDC;IL4I1;COMT;TYRP1;HGD
prerank,Mannose type O-glycan biosynthesis,0.28802463147168744,0.8505213996082538,7.201493e-01,9.780694e-01,1.000000e+00,7/22,21.03%,B3GAT1;B3GALNT2;FUT9;POMT2;B3GAT2;LARGE2;MGAT5B
prerank,Cholesterol metabolism,-0.23456193912204007,-0.849629923963759,7.352941e-01,9.385200e-01,1.000000e+00,9/50,14.20%,VDAC2;APOC1;STARD3;APOC2;ABCG8;TSPO;LDLR;VDAC3;VAPA
prerank,Toxoplasmosis,0.2057570644944522,0.8468004002440268,7.955390e-01,9.771766e-01,1.000000e+00,20/107,15.17%,BCL2;HLA-DQA1;ITGB1;MAPK9;PPIF;LAMB1;MAPK14;AKT1;MAP2K6;LAMC3;GNAI3;GNAI2;HSPA6;HLA-DRB1;MAPK3;IRAK4;AKT3;LAMA5;HSPA8;LAMB2
prerank,Renin secretion,0.219912415759014,0.8416402021902697,7.558140e-01,9.785162e-01,1.000000e+00,21/68,25.29%,PTGER4;ACE;ADRB3;KCNMA1;CALML4;GNAI3;GNAI2;CACNA1S;AQP1;ADORA1;EDN3;AGTR1;CALML5;EDN1;EDN2;PDE3A;CALML3;CTSB;PRKG2;CACNA1D;GNAS
prerank,Influenza A,-0.189602530091527,-0.8411490149141906,8.438819e-01,9.507631e-01,1.000000e+00,34/161,20.60%,CDK4;FADD;RAB11A;CREBBP;PRKCA;SOCS3;ACTG1;IFNA8;HLA-DMA;DNAJB1;STAT1;PIK3R3;NFKBIB;IFNAR2;KPNA5;EIF2S1;IFNA5;PRKCB;BAX;MAP2K2;NUP98;CASP3;RAE1;PRSS1;IL6;TBK1;NFKBIA;IL18;DNAJC3;STAT2;HLA-DOB;KPNA6;OAS2;CIITA
prerank,Mineral absorption,0.22262035425588284,0.8309463245517529,7.290076e-01,9.927099e-01,1.000000e+00,10/59,12.25%,ATP1A1;MT1E;ATOX1;MT1M;MT1H;TRPV6;SLC26A3;ATP2B1;SLC31A1;SLC34A2
prerank,Circadian rhythm,-0.2643443265825078,-0.8236640779606178,7.260870e-01,9.822997e-01,1.000000e+00,5/28,12.09%,PRKAG2;PRKAG1;FBXW11;BTRC;NR1D1
prerank,Morphine addiction,-0.2046479602023633,-0.8189473455332489,7.777778e-01,9.856057e-01,1.000000e+00,20/90,19.42%,GNAI1;PRKCA;GNG3;GNB4;GNG13;PRKACA;PRKCB;GABRA2;GRK6;PRKACB;GNG2;PDE2A;ADCY5;PDE8A;PDE7A;SLC32A1;GRK4;PRKACG;GABRB3;PDE1B
prerank,Endocrine and other factor-regulated calcium reabsorption,-0.21877895268699862,-0.8172843614290969,7.803922e-01,9.827997e-01,1.000000e+00,12/53,18.21%,RAB11A;PRKCA;AP2B1;PRKACA;SLC8A3;PRKCB;ATP1B4;PRKACB;ATP2B3;BDKRB2;CLTCL1;PRKACG
prerank,Inflammatory mediator regulation of TRP channels,-0.20075555658583033,-0.8144074358941906,8.155738e-01,9.821616e-01,1.000000e+00,22/97,19.20%,PPP1CC;CALM2;PRKCA;HTR2B;PIK3R3;PLA2G4D;PRKACA;PLCG2;CAMK2D;PRKCB;MAPK12;PRKACB;ADCY5;P2RY2;TRPA1;TRPM8;BDKRB2;ITPR2;CALML6;PRKACG;ASIC2;NGF
prerank,Retrograde endocannabinoid signaling,0.19032074383231512,0.8119827229536211,8.786765e-01,1.000000e+00,1.000000e+00,38/139,25.31%,NDUFA6;NDUFB4;NDUFB11;KCNJ9;GABRR2;NDUFA4;MAPK9;NDUFB10;GNB2;MAPK14;NDUFB8;NDUFB7;NDUFA12;NDUFA8;GNAI3;GNAI2;MAPK3;CACNA1S;GNG8;GRIA3;GNG10;KCNJ5;ADCY9;GNG5;NDUFV2;ADCY7;NDUFB2;NDUFC1;PTGS2;GNG12;GABRR1;CNR1;PRKCG;CACNA1D;CACNA1A;NDUFS1;SLC17A7;GABRD
prerank,Tuberculosis,0.18563420622700927,0.8107869876406266,8.947368e-01,1.000000e+00,1.000000e+00,36/175,18.78%,BCL2;RHOA;RAB7A;HSPA9;CD14;HLA-DQA1;ATP6V0C;MAPK9;CTSD;ATP6V0D1;FCGR1A;MAPK14;CD74;CALML4;RIPK2;TIRAP;CR1;AKT1;IFNA21;MALT1;ITGB2;HLA-DRB1;MAPK3;PLA2R1;FCGR2B;IRAK4;SYK;AKT3;CLEC7A;PLK3;FCGR3B;EP300;BID;IL10RA;CORO1A;HLA-DRA
prerank,GABAergic synapse,-0.19586534890031404,-0.8041599520430975,8.583691e-01,9.938880e-01,1.000000e+00,18/87,19.21%,GNAI1;PRKCA;GNG3;GNB4;GNG13;PRKACA;GPHN;SLC6A12;GLUL;HAP1;PRKCB;GABRA2;PRKACB;GNG2;ADCY5;SLC32A1;PRKACG;GABRB3
prerank,ABC transporters,-0.22873201952811345,-0.8012287185782843,7.974684e-01,9.933944e-01,1.000000e+00,7/45,12.39%,ABCD1;TAP2;ABCA13;ABCG8;ABCD3;CFTR;ABCB5
prerank,Phosphonate and phosphinate metabolism,0.3808456332837074,0.7984115190948247,7.171315e-01,1.000000e+00,1.000000e+00,1/6,5.83%,SELENOI
prerank,Cytokine-cytokine receptor interaction,-0.16865455093599097,-0.7971102506278518,9.760766e-01,9.941416e-01,1.000000e+00,47/287,18.20%,CCL4;CCL21;IL3;IL12RB2;IL36G;IFNA8;PRLR;IL6ST;IL21;LEP;IL27;LEPR;BMPR1A;TNFRSF12A;IL17F;BMP10;PF4;IFNL3;IL13RA1;IL37;CCL14;IFNAR2;TNFSF13;BMP5;IL36A;CCR5;IL36B;IL17RE;IL6R;IFNA5;INHBE;TNFSF8;PF4V1;IL1RL1;CXCL17;CCL18;TNFSF4;IL10RB;CX3CR1;BMP15;CXCR2;IL2RA;IL6;IL17A;BMP8A;IL18;GDF1
prerank,Chagas disease,-0.19031884853952946,-0.7940371797425809,8.940678e-01,9.935593e-01,1.000000e+00,5/100,2.94%,CFLAR;PPP2R1A;FADD;GNAI1;MAP2K4
prerank,Olfactory transduction,-0.160129388208795,-0.7893011328973701,9.954545e-01,9.952540e-01,1.000000e+00,71/356,21.33%,CALM2;OR9G4;OR5D18;OR4C6;OR5D14;OR5J2;OR52N5;OR5B2;OR8K5;OR5B12;OR4B1;OR5B21;OR6C6;GNG13;OR4A47;OR5AU1;OR5M9;OR52M1;PRKACA;OR52A5;SLC8A3;OR4C46;OR13A1;OR6Q1;OR10K1;NCALD;RGS2;CAMK2D;OR5W2;OR5H15;OR4K15;OR4K1;OR9Q2;OR5AC2;OR6C1;OR2T2;OR2S2;OR4L1;PRKACB;OR2AE1;OR1J1;OR4K14;OR5P2;OR1Q1;PDE2A;OR10Q1;OR5K1;OR10T2;OR5P3;OR4D6;OR5M11;CALML6;OR2A14;OR9K2;OR7G2;OR52A1;PRKACG;OR8B2;OR4D2;OR4A16;OR13F1;PDE1B;OR4K2;OR6Y1;OR9A2;OR5H6;OR6C75;OR8H1;OR6B1;OR5K3;OR5C1
prerank,NF-kappa B signaling pathway,-0.1849341141949599,-0.7864100785621708,9.079498e-01,9.936281e-01,1.000000e+00,6/99,4.51%,CFLAR;CCL4;CCL21;CSNK2A1;TNFAIP3;CSNK2B
prerank,Ascorbate and aldarate metabolism,-0.24321837026695545,-0.7834558711730627,8.059072e-01,9.922503e-01,1.000000e+00,8/27,22.03%,UGT2B15;UGT1A4;UGT2B4;UGT1A5;ALDH1B1;UGT2A3;UGT2B7;UGT1A10
prerank,Propanoate metabolism,-0.23293446686061808,-0.7823942545885568,7.951807e-01,9.878395e-01,1.000000e+00,8/34,23.21%,ACOX1;ECHDC1;DLD;SUCLG1;ALDH6A1;HIBCH;DBT;BCKDHA
prerank,Glycosaminoglycan degradation,0.26678473885118753,0.7791994516675895,7.657993e-01,1.000000e+00,1.000000e+00,5/19,22.48%,HEXA;GNS;HYAL3;GUSB;SGSH
prerank,Inflammatory bowel disease,-0.20984714324061826,-0.7788653262530862,8.559322e-01,9.872357e-01,1.000000e+00,20/63,28.04%,IL12RB2;IL21;HLA-DMA;STAT1;IL17F;STAT4;IL6;IL17A;IL18;IL18RAP;HLA-DOB;IL18R1;HLA-DQA2;IL12A;TLR2;IL4;IFNGR2;HLA-DMB;TNF;RELA
prerank,Pantothenate and CoA biosynthesis,-0.26730837173764777,-0.7720472689019006,7.836735e-01,9.910920e-01,1.000000e+00,4/20,15.70%,PANK1;AASDHPPT;GADL1;ALDH1B1
prerank,Pertussis,0.20392479339955166,0.7710971567335254,8.650794e-01,1.000000e+00,1.000000e+00,13/74,13.88%,RHOA;CD14;ITGB1;MAPK9;MAPK14;CALML4;TIRAP;NLRP3;ITGB2;GNAI3;GNAI2;MAPK3;IRAK4
prerank,Steroid hormone biosynthesis,0.21104648753529742,0.7702913189310366,8.745247e-01,1.000000e+00,1.000000e+00,8/54,12.51%,HSD17B12;HSD17B7;CYP1B1;UGT2B17;CYP11B2;UGT1A1;AKR1D1;CYP1A2
prerank,African trypanosomiasis,-0.23633689220704346,-0.7648458351080872,8.181818e-01,9.949335e-01,1.000000e+00,10/33,29.25%,PRKCA;APOL1;PRKCB;IL6;IL18;IL12A;SELE;F2RL1;TNF;THOP1
prerank,Antigen processing and presentation,0.20185787262771507,0.7638438632620684,8.867188e-01,1.000000e+00,1.000000e+00,13/65,15.11%,HLA-B;TAP1;HLA-DQA1;KIR3DL1;CD74;LGMN;HLA-A;HSPA6;TAPBP;HLA-DRB1;KLRC4;CD4;HSPA8
prerank,Other types of O-glycan biosynthesis,-0.21058200106042232,-0.7571259890498041,8.600823e-01,9.983455e-01,1.000000e+00,8/45,19.55%,GALNTL6;B4GALT1;COLGALT2;ST3GAL3;RFNG;GALNT16;LFNG;ST6GAL2
prerank,Ether lipid metabolism,0.21199048689814431,0.7522774730694373,8.493724e-01,1.000000e+00,1.000000e+00,4/45,5.83%,PLB1;PLPP2;PEDS1;SELENOI
prerank,"Glycine, serine and threonine metabolism",-0.22017745250852244,-0.7513404141050284,8.653061e-01,9.994786e-01,1.000000e+00,16/38,31.10%,PSAT1;GCSH;DLD;SRR;PGAM2;PIPOX;BHMT;SDS;SHMT1;SHMT2;CTH;GAMT;DMGDH;PGAM4;GATM;GRHPR
prerank,Phototransduction,-0.24228606258908303,-0.748989881613704,8.152610e-01,9.964666e-01,1.000000e+00,7/26,24.77%,CALM2;GNAT2;SAG;CALML6;RHO;GUCA1B;CNGB1
prerank,Circadian entrainment,0.18436403570976884,0.7442445139221873,9.398496e-01,1.000000e+00,1.000000e+00,28/97,25.29%,KCNJ9;CACNA1H;GNB2;PER3;CALML4;GNAI3;GNAI2;MAPK3;RASD1;GNG8;GRIA3;GNG10;KCNJ5;ADCY9;PER1;GNG5;ADCY7;CALML5;NOS1;CACNA1G;GNG12;CALML3;RPS6KA5;GRIN1;PRKCG;PRKG2;CACNA1D;GNAS
prerank,Bile secretion,-0.18692765119867472,-0.7441896650038223,9.159664e-01,9.959073e-01,1.000000e+00,20/86,19.50%,UGT2B15;UGT1A4;UGT2B4;KCNN2;ABCG8;PRKACA;UGT1A5;SULT2A1;LDLR;CFTR;AQP9;ATP1B4;PRKACB;CYP3A4;ADCY5;UGT2A3;PRKACG;SLC5A1;SLC22A1;UGT2B7
prerank,Toll-like receptor signaling pathway,-0.17942521057242022,-0.7366805591435531,9.432314e-01,9.974696e-01,1.000000e+00,30/100,28.04%,FADD;CCL4;MAP2K4;IFNA8;STAT1;PIK3R3;IFNAR2;IFNA5;IRAK1;MAP2K2;CD86;MAPK12;TICAM2;MAP3K8;IL6;TBK1;NFKBIA;MAP3K7;IRF5;TRAF6;PIK3R1;IL12A;TLR2;MAPK10;CASP8;IFNAR1;MAPK13;TNF;CXCL8;RELA
prerank,Proximal tubule bicarbonate reclamation,0.24232223709811535,0.735841562185067,8.235294e-01,1.000000e+00,1.000000e+00,4/22,16.52%,ATP1A1;AQP1;CA4;SLC9A3
prerank,Th1 and Th2 cell differentiation,0.183731473675484,0.7323757755274026,9.459459e-01,1.000000e+00,1.000000e+00,15/90,15.04%,MAF;DLL1;HLA-DQA1;MAPK9;NOTCH1;PRKCQ;MAPK14;NFATC3;HLA-DRB1;MAPK3;TBX21;MAML2;RBPJL;CD4;RUNX3
prerank,Synthesis and degradation of ketone bodies,0.3026413183387865,0.7192714161637507,8.683274e-01,1.000000e+00,1.000000e+00,1/10,2.57%,OXCT2
prerank,Vitamin B6 metabolism,-0.3508853594161236,-0.7191595254396025,8.438819e-01,1.000000e+00,1.000000e+00,1/6,8.03%,PSAT1
prerank,RIG-I-like receptor signaling pathway,-0.1841166068641201,-0.7166123802884434,9.411765e-01,1.000000e+00,1.000000e+00,22/68,28.04%,FADD;IFNA8;DDX3X;TANK;NFKBIB;IFNA5;MAP3K1;MAPK12;TBK1;NFKBIA;MAP3K7;TRAF6;ISG15;IL12A;MAPK10;CASP8;AZI2;CASP10;MAPK13;TNF;CXCL8;RELA
prerank,beta-Alanine metabolism,-0.2224041319142988,-0.7138427470365771,8.880000e-01,1.000000e+00,1.000000e+00,7/29,26.08%,ACOX1;GADL1;ALDH1B1;ALDH6A1;HIBCH;CARNS1;UPB1
prerank,Primary immunodeficiency,-0.20961724844592747,-0.707695145664301,9.178082e-01,1.000000e+00,1.000000e+00,5/34,11.84%,PTPRC;TAP2;RFXAP;RAG1;CD19
prerank,Nicotine addiction,-0.19858201116940227,-0.7032192968280365,9.352227e-01,9.979786e-01,1.000000e+00,7/39,19.21%,CHRNA7;GRIN3A;SLC17A6;CHRNA6;GABRA2;SLC32A1;GABRB3
prerank,Lysosome,0.1641743144684426,0.7030370883295262,9.773585e-01,1.000000e+00,1.000000e+00,25/127,19.68%,ATP6V0C;CTSD;ATP6V0D1;HEXA;TPP1;LAMP3;GNS;ARSG;AP3B1;LGMN;AP1G1;AP4M1;MANBA;SORT1;SLC11A1;SMPD1;GM2A;HYAL3;AP3D1;AP1B1;CD164;GUSB;GGA2;PLA2G15;ABCB9
prerank,Basal cell carcinoma,0.18832542275672015,0.7018315622931389,9.335793e-01,1.000000e+00,1.000000e+00,19/63,29.50%,WNT7A;WNT1;BMP2;WNT10A;GADD45G;WNT4;KIF7;APC2;FZD1;GADD45A;WNT11;WNT9B;TCF7L1;TCF7L2;WNT7B;TCF7;WNT3;BAK1;WNT10B
prerank,Linoleic acid metabolism,-0.20668036135211268,-0.680378463197157,9.139344e-01,1.000000e+00,1.000000e+00,9/26,28.95%,PLA2G4D;CYP3A4;PLA2G12B;PLA2G1B;PLA2G4E;PLA2G12A;PLA2G2F;PLA2G2D;PLA2G4C
prerank,Staphylococcus aureus infection,-0.17078473722779117,-0.6769389860585469,9.690265e-01,1.000000e+00,1.000000e+00,23/81,23.96%,PTAFR;HLA-DMA;KRT23;KRT24;KRT10;KRT33A;FPR2;FCGR2A;MASP1;C1QB;KRT26;DEFA5;KRT28;CFI;CFH;KRT25;HLA-DOB;KRT15;KRT35;DSG1;HLA-DQA2;FPR1;KRT9
prerank,Malaria,0.19761083260580697,0.6757003939435433,9.429658e-01,1.000000e+00,1.000000e+00,21/45,40.69%,SDC1;COMP;CR1;LRP1;ITGB2;THBS2;CD40;ACKR1;CD81;CD40LG;THBS1;IFNG;HGF;MET;GYPC;IL1B;IL10;CSF3;GYPA;TGFB3;THBS4
prerank,Hematopoietic cell lineage,0.1683681158176944,0.6741726062234691,9.883721e-01,1.000000e+00,1.000000e+00,16/91,18.81%,TFRC;CD14;HLA-DQA1;CSF3R;FCGR1A;IL11RA;CR1;GP5;CD59;HLA-DRB1;GP9;CD4;CD44;IL5RA;HLA-DRA;KITLG
prerank,Glycosphingolipid biosynthesis,0.19028986588227387,0.6653894184150831,9.479554e-01,1.000000e+00,1.000000e+00,7/44,17.80%,SLC33A1;FUT7;HEXA;FUT9;B3GNT5;B3GALT5;B3GNT2
prerank,Complement and coagulation cascades,0.16642485984960476,0.6644272452650123,9.964539e-01,1.000000e+00,1.000000e+00,18/83,22.63%,CFHR4;PROCR;F2RL3;F7;CR1;CD59;SERPINA5;ITGB2;C8B;SERPINF2;F10;C1QA;MASP2;KNG1;C4B;SERPINA1;CFB;CFHR2
prerank,Leishmaniasis,0.16932437524776658,0.6639825772237712,9.813433e-01,1.000000e+00,1.000000e+00,12/73,16.91%,EEF1A2;HLA-DQA1;ITGB1;FCGR1A;MAPK14;CR1;ITGB2;HLA-DRB1;MAPK3;IRAK4;FCGR3B;CYBB
prerank,Amoebiasis,-0.15360727754671444,-0.6395079980869198,9.908257e-01,1.000000e+00,1.000000e+00,24/99,23.51%,PRKCA;PRDX1;CD1A;RAB5B;PIK3R3;PRKACA;C9;SERPINB6;PRKCB;PRKACB;CASP3;NOS2;IL6;CD1D;RAB5A;COL4A4;CTSG;PRKACG;CD1C;CD1B;RAB5C;PIK3R1;IL12A;TLR2
prerank,Carbohydrate digestion and absorption,-0.17765410696483855,-0.6272729631617675,9.710744e-01,1.000000e+00,1.000000e+00,6/41,12.54%,HK2;GNAT3;PIK3R3;HK1;PRKCB;ATP1B4
prerank,Protein digestion and absorption,-0.1513739182454492,-0.6216377337720796,9.960474e-01,1.000000e+00,1.000000e+00,29/98,25.69%,KCNJ13;COL11A1;ELN;SLC8A3;COL7A1;ACE2;SLC3A1;ATP1B4;MEP1A;SLC3A2;MEP1B;COL13A1;PRSS1;COL8A1;COL25A1;COL4A4;KCNE3;COL12A1;CPA1;COL11A2;PRCP;CPA3;SLC7A9;SLC1A5;COL6A6;CPB1;COL9A2;SLC36A3;MME
prerank,Th17 cell differentiation,0.1530669215439949,0.6198240286846735,1.000000e+00,1.000000e+00,1.000000e+00,24/105,24.13%,AHR;HLA-DQA1;MAPK9;PRKCQ;MAPK14;NFATC3;RXRA;IL1RAP;HLA-DRB1;MAPK3;SMAD2;TGFBR2;TBX21;CD4;IL17D;IRF4;SMAD3;HLA-DRA;GATA3;CD3D;HLA-DOA;CD247;RORC;LCK
prerank,Pyruvate metabolism,-0.16442218746279513,-0.6146048027182505,9.786325e-01,1.000000e+00,1.000000e+00,7/46,15.70%,ACOT12;MDH1;PDHA2;DLD;ME1;PKM;ALDH1B1
prerank,Fat digestion and absorption,-0.17984068824818344,-0.6096598894131783,9.740741e-01,9.999222e-01,1.000000e+00,13/40,25.70%,GOT2;ABCG8;DGAT1;PLPP1;MOGAT2;PLA2G12B;PLA2G1B;FABP1;MTTP;SLC27A1;PLA2G12A;PLA2G2F;PLA2G2D
prerank,Nitrogen metabolism,-0.2023356045524008,-0.5857947812851055,9.640000e-01,9.995343e-01,1.000000e+00,7/17,31.53%,GLUL;CA8;CPS1;GLUD1;CA3;CA1;CA2
prerank,"Valine, leucine and isoleucine degradation",0.15781277413960984,0.5584189497827887,9.925651e-01,1.000000e+00,1.000000e+00,8/48,19.73%,OXCT2;ACAD8;PCCB;HSD17B10;BCAT2;AACS;HADHB;HMGCLL1
prerank,Caffeine metabolism,0.26633754436405754,0.555046760008012,9.511278e-01,1.000000e+00,1.000000e+00,3/6,29.11%,CYP1A2;CYP2A7;NAT1
prerank,Asthma,-0.17350572196270247,-0.5494516147877953,9.886792e-01,9.990699e-01,1.000000e+00,9/28,27.18%,IL3;HLA-DMA;HLA-DOB;HLA-DQA2;IL9;PRG2;IL4;HLA-DMB;TNF
prerank,Butanoate metabolism,0.17004052514662732,0.5440907803826471,9.961089e-01,1.000000e+00,1.000000e+00,12/28,38.29%,OXCT2;AACS;HMGCLL1;HADHA;ACSM1;ACSM2B;ACSM4;GAD2;ACAT1;ACSM6;ACSM2A;GAD1
prerank,Riboflavin metabolism,0.21824909120297958,0.5132344227267165,9.857651e-01,1.000000e+00,1.000000e+00,6/8,44.26%,BLVRB;FLAD1;ACP2;ACP5;ENPP1;ACP1
prerank,Mucin type O-glycan biosynthesis,-0.14249164380127843,-0.4765375008450317,9.958678e-01,9.985034e-01,1.000000e+00,1/34,1.68%,GALNTL6
prerank,D-Glutamine and D-glutamate metabolism,0.20579047194019862,0.4066167150688825,9.919355e-01,9.997534e-01,1.000000e+00,5/5,79.43%,DGLUCY;GLUD2;GLS;GLS2;GLUD1
